/*
 Navicat Premium Data Transfer

 Source Server         : localhost
 Source Server Type    : MySQL
 Source Server Version : 50715
 Source Host           : localhost
 Source Database       : jzsbos

 Target Server Type    : MySQL
 Target Server Version : 50715
 File Encoding         : utf-8

 Date: 01/22/2017 17:29:53 PM
*/

SET NAMES utf8mb4;
SET FOREIGN_KEY_CHECKS = 0;

-- ----------------------------
--  Table structure for `ACT_EVT_LOG`
-- ----------------------------
DROP TABLE IF EXISTS `ACT_EVT_LOG`;
CREATE TABLE `ACT_EVT_LOG` (
  `LOG_NR_` bigint(20) NOT NULL AUTO_INCREMENT,
  `TYPE_` varchar(64) COLLATE utf8_bin DEFAULT NULL,
  `PROC_DEF_ID_` varchar(64) COLLATE utf8_bin DEFAULT NULL,
  `PROC_INST_ID_` varchar(64) COLLATE utf8_bin DEFAULT NULL,
  `EXECUTION_ID_` varchar(64) COLLATE utf8_bin DEFAULT NULL,
  `TASK_ID_` varchar(64) COLLATE utf8_bin DEFAULT NULL,
  `TIME_STAMP_` timestamp(3) NOT NULL DEFAULT CURRENT_TIMESTAMP(3) ON UPDATE CURRENT_TIMESTAMP(3),
  `USER_ID_` varchar(255) COLLATE utf8_bin DEFAULT NULL,
  `DATA_` longblob,
  `LOCK_OWNER_` varchar(255) COLLATE utf8_bin DEFAULT NULL,
  `LOCK_TIME_` timestamp(3) NULL DEFAULT NULL,
  `IS_PROCESSED_` tinyint(4) DEFAULT '0',
  PRIMARY KEY (`LOG_NR_`)
) ENGINE=InnoDB DEFAULT CHARSET=utf8 COLLATE=utf8_bin;

-- ----------------------------
--  Table structure for `ACT_GE_BYTEARRAY`
-- ----------------------------
DROP TABLE IF EXISTS `ACT_GE_BYTEARRAY`;
CREATE TABLE `ACT_GE_BYTEARRAY` (
  `ID_` varchar(64) COLLATE utf8_bin NOT NULL,
  `REV_` int(11) DEFAULT NULL,
  `NAME_` varchar(255) COLLATE utf8_bin DEFAULT NULL,
  `DEPLOYMENT_ID_` varchar(64) COLLATE utf8_bin DEFAULT NULL,
  `BYTES_` longblob,
  `GENERATED_` tinyint(4) DEFAULT NULL,
  PRIMARY KEY (`ID_`),
  KEY `ACT_FK_BYTEARR_DEPL` (`DEPLOYMENT_ID_`),
  CONSTRAINT `ACT_FK_BYTEARR_DEPL` FOREIGN KEY (`DEPLOYMENT_ID_`) REFERENCES `ACT_RE_DEPLOYMENT` (`ID_`)
) ENGINE=InnoDB DEFAULT CHARSET=utf8 COLLATE=utf8_bin;

-- ----------------------------
--  Records of `ACT_GE_BYTEARRAY`
-- ----------------------------
BEGIN;
INSERT INTO `ACT_GE_BYTEARRAY` VALUES ('10005', '1', 'hist.var-业务数据', null, 0xaced000573720024636f6d2e6d79636f6d70616e792e646f6d61696e2e576f726b6f726465726d616e6167656d64630c1da6580e0200144c00086163746c776569747400124c6a6176612f6c616e672f446f75626c653b4c000a617272697665636974797400124c6a6176612f6c616e672f537472696e673b4c000a6665656974656d6e756d7400134c6a6176612f6c616e672f496e74656765723b4c0009666c6f61647265717271007e00024c0002696471007e00024c000c6d616e61676572436865636b71007e00024c00036e756d71007e00034c000d70726f6474696d656c696d697471007e00024c000870726f647479706571007e00024c000770726f6475637471007e00024c000c72656365697665726164647271007e00024c000c72656365697665726e616d6571007e00024c000d726563656976657270686f6e6571007e00024c000a73656e6465726164647271007e00024c000a73656e6465726e616d6571007e00024c000b73656e64657270686f6e6571007e00024c0005737461727471007e00024c000a75706461746574696d657400104c6a6176612f7574696c2f446174653b4c0003766f6c71007e00024c000677656967687471007e0001787070740006e4b88ae6b5b770740006e7a9bae8bf907400043130303174000130737200116a6176612e6c616e672e496e746567657212e2a0a4f781873802000149000576616c7565787200106a6176612e6c616e672e4e756d62657286ac951d0b94e08b0200007870000000647070740006e6b2b9e69da170707070707074000131737200126a6176612e73716c2e54696d657374616d702618d5c80153bf650200014900056e616e6f737872000e6a6176612e7574696c2e44617465686a81014b5974190300007870770800000159c19ec160780000000070737200106a6176612e6c616e672e446f75626c6580b3c24a296bfb0402000144000576616c75657871007e000b4059000000000000, null), ('7502', '1', 'transfer2.bpmn', '7501', 0x3c3f786d6c2076657273696f6e3d22312e302220656e636f64696e673d225554462d38223f3e0a3c646566696e6974696f6e7320786d6c6e733d22687474703a2f2f7777772e6f6d672e6f72672f737065632f42504d4e2f32303130303532342f4d4f44454c2220786d6c6e733a7873693d22687474703a2f2f7777772e77332e6f72672f323030312f584d4c536368656d612d696e7374616e63652220786d6c6e733a7873643d22687474703a2f2f7777772e77332e6f72672f323030312f584d4c536368656d612220786d6c6e733a61637469766974693d22687474703a2f2f61637469766974692e6f72672f62706d6e2220786d6c6e733a62706d6e64693d22687474703a2f2f7777772e6f6d672e6f72672f737065632f42504d4e2f32303130303532342f44492220786d6c6e733a6f6d6764633d22687474703a2f2f7777772e6f6d672e6f72672f737065632f44442f32303130303532342f44432220786d6c6e733a6f6d6764693d22687474703a2f2f7777772e6f6d672e6f72672f737065632f44442f32303130303532342f44492220747970654c616e67756167653d22687474703a2f2f7777772e77332e6f72672f323030312f584d4c536368656d61222065787072657373696f6e4c616e67756167653d22687474703a2f2f7777772e77332e6f72672f313939392f585061746822207461726765744e616d6573706163653d22687474703a2f2f7777772e61637469766974692e6f72672f74657374223e0a20203c70726f636573732069643d227472616e7366657222206e616d653d22e789a9e6b581e9858de98081e6b581e7a88b2220697345786563757461626c653d2274727565223e0a202020203c73746172744576656e742069643d2273746172746576656e743122206e616d653d225374617274223e3c2f73746172744576656e743e0a202020203c757365725461736b2069643d22636865636b576f726b4f726465724d616e61676522206e616d653d22e5aea1e6a0b8e5b7a5e4bd9ce58d95222061637469766974693a63616e64696461746547726f7570733d22e4b89ae58aa1e59198223e3c2f757365725461736b3e0a202020203c73657175656e6365466c6f772069643d22666c6f77312220736f757263655265663d2273746172746576656e743122207461726765745265663d22636865636b576f726b4f726465724d616e616765223e3c2f73657175656e6365466c6f773e0a202020203c757365725461736b2069643d226f757453746f726522206e616d653d22e8b4a7e789a9e587bae5ba93222061637469766974693a63616e64696461746547726f7570733d22e4bb93e5ba93e7aea1e79086e59198223e3c2f757365725461736b3e0a202020203c757365725461736b2069643d227472616e73666572476f6f647322206e616d653d22e8b4a7e789a9e9858de98081222061637469766974693a63616e64696461746547726f7570733d22e58f96e6b4bee59198223e3c2f757365725461736b3e0a202020203c73657175656e6365466c6f772069643d22666c6f77332220736f757263655265663d226f757453746f726522207461726765745265663d227472616e73666572476f6f6473223e3c2f73657175656e6365466c6f773e0a202020203c757365725461736b2069643d227265636569766522206e616d653d22e9858de98081e7adbee694b6222061637469766974693a63616e64696461746547726f7570733d22e58f96e6b4bee59198223e3c2f757365725461736b3e0a202020203c73657175656e6365466c6f772069643d22666c6f77342220736f757263655265663d227472616e73666572476f6f647322207461726765745265663d2272656365697665223e3c2f73657175656e6365466c6f773e0a202020203c656e644576656e742069643d22656e646576656e743122206e616d653d22456e64223e3c2f656e644576656e743e0a202020203c73657175656e6365466c6f772069643d22666c6f77352220736f757263655265663d227265636569766522207461726765745265663d22656e646576656e7431223e3c2f73657175656e6365466c6f773e0a202020203c6578636c7573697665476174657761792069643d22636865636b5965734f724e6f22206e616d653d224578636c75736976652047617465776179223e3c2f6578636c7573697665476174657761793e0a202020203c73657175656e6365466c6f772069643d22666c6f77362220736f757263655265663d22636865636b576f726b4f726465724d616e61676522207461726765745265663d22636865636b5965734f724e6f223e3c2f73657175656e6365466c6f773e0a202020203c73657175656e6365466c6f772069643d22666c6f77372220736f757263655265663d22636865636b5965734f724e6f22207461726765745265663d226f757453746f7265223e0a2020202020203c636f6e646974696f6e45787072657373696f6e207873693a747970653d2274466f726d616c45787072657373696f6e223e3c215b43444154415b247b636865636b3d3d317d5d5d3e3c2f636f6e646974696f6e45787072657373696f6e3e0a202020203c2f73657175656e6365466c6f773e0a202020203c73657175656e6365466c6f772069643d22666c6f77382220736f757263655265663d22636865636b5965734f724e6f22207461726765745265663d22656e646576656e7431223e0a2020202020203c636f6e646974696f6e45787072657373696f6e207873693a747970653d2274466f726d616c45787072657373696f6e223e3c215b43444154415b247b636865636b3d3d307d5d5d3e3c2f636f6e646974696f6e45787072657373696f6e3e0a202020203c2f73657175656e6365466c6f773e0a20203c2f70726f636573733e0a20203c62706d6e64693a42504d4e4469616772616d2069643d2242504d4e4469616772616d5f7472616e73666572223e0a202020203c62706d6e64693a42504d4e506c616e652062706d6e456c656d656e743d227472616e73666572222069643d2242504d4e506c616e655f7472616e73666572223e0a2020202020203c62706d6e64693a42504d4e53686170652062706d6e456c656d656e743d2273746172746576656e7431222069643d2242504d4e53686170655f73746172746576656e7431223e0a20202020202020203c6f6d6764633a426f756e6473206865696768743d2233352e30222077696474683d2233352e302220783d2233302e302220793d223132302e30223e3c2f6f6d6764633a426f756e64733e0a2020202020203c2f62706d6e64693a42504d4e53686170653e0a2020202020203c62706d6e64693a42504d4e53686170652062706d6e456c656d656e743d22636865636b576f726b4f726465724d616e616765222069643d2242504d4e53686170655f636865636b576f726b4f726465724d616e616765223e0a20202020202020203c6f6d6764633a426f756e6473206865696768743d2235352e30222077696474683d223130352e302220783d223131302e302220793d223131302e30223e3c2f6f6d6764633a426f756e64733e0a2020202020203c2f62706d6e64693a42504d4e53686170653e0a2020202020203c62706d6e64693a42504d4e53686170652062706d6e456c656d656e743d226f757453746f7265222069643d2242504d4e53686170655f6f757453746f7265223e0a20202020202020203c6f6d6764633a426f756e6473206865696768743d2235352e30222077696474683d223130352e302220783d223430332e302220793d223137302e30223e3c2f6f6d6764633a426f756e64733e0a2020202020203c2f62706d6e64693a42504d4e53686170653e0a2020202020203c62706d6e64693a42504d4e53686170652062706d6e456c656d656e743d227472616e73666572476f6f6473222069643d2242504d4e53686170655f7472616e73666572476f6f6473223e0a20202020202020203c6f6d6764633a426f756e6473206865696768743d2235352e30222077696474683d223130352e302220783d223536332e302220793d223137302e30223e3c2f6f6d6764633a426f756e64733e0a2020202020203c2f62706d6e64693a42504d4e53686170653e0a2020202020203c62706d6e64693a42504d4e53686170652062706d6e456c656d656e743d2272656365697665222069643d2242504d4e53686170655f72656365697665223e0a20202020202020203c6f6d6764633a426f756e6473206865696768743d2235352e30222077696474683d223130352e302220783d223732332e302220793d223137302e30223e3c2f6f6d6764633a426f756e64733e0a2020202020203c2f62706d6e64693a42504d4e53686170653e0a2020202020203c62706d6e64693a42504d4e53686170652062706d6e456c656d656e743d22656e646576656e7431222069643d2242504d4e53686170655f656e646576656e7431223e0a20202020202020203c6f6d6764633a426f756e6473206865696768743d2233352e30222077696474683d2233352e302220783d223836302e302220793d223138302e30223e3c2f6f6d6764633a426f756e64733e0a2020202020203c2f62706d6e64693a42504d4e53686170653e0a2020202020203c62706d6e64693a42504d4e53686170652062706d6e456c656d656e743d22636865636b5965734f724e6f222069643d2242504d4e53686170655f636865636b5965734f724e6f223e0a20202020202020203c6f6d6764633a426f756e6473206865696768743d2234302e30222077696474683d2234302e302220783d223235302e302220793d223131372e30223e3c2f6f6d6764633a426f756e64733e0a2020202020203c2f62706d6e64693a42504d4e53686170653e0a2020202020203c62706d6e64693a42504d4e456467652062706d6e456c656d656e743d22666c6f7731222069643d2242504d4e456467655f666c6f7731223e0a20202020202020203c6f6d6764693a776179706f696e7420783d2236352e302220793d223133372e30223e3c2f6f6d6764693a776179706f696e743e0a20202020202020203c6f6d6764693a776179706f696e7420783d223131302e302220793d223133372e30223e3c2f6f6d6764693a776179706f696e743e0a2020202020203c2f62706d6e64693a42504d4e456467653e0a2020202020203c62706d6e64693a42504d4e456467652062706d6e456c656d656e743d22666c6f7733222069643d2242504d4e456467655f666c6f7733223e0a20202020202020203c6f6d6764693a776179706f696e7420783d223530382e302220793d223139372e30223e3c2f6f6d6764693a776179706f696e743e0a20202020202020203c6f6d6764693a776179706f696e7420783d223536332e302220793d223139372e30223e3c2f6f6d6764693a776179706f696e743e0a2020202020203c2f62706d6e64693a42504d4e456467653e0a2020202020203c62706d6e64693a42504d4e456467652062706d6e456c656d656e743d22666c6f7734222069643d2242504d4e456467655f666c6f7734223e0a20202020202020203c6f6d6764693a776179706f696e7420783d223636382e302220793d223139372e30223e3c2f6f6d6764693a776179706f696e743e0a20202020202020203c6f6d6764693a776179706f696e7420783d223732332e302220793d223139372e30223e3c2f6f6d6764693a776179706f696e743e0a2020202020203c2f62706d6e64693a42504d4e456467653e0a2020202020203c62706d6e64693a42504d4e456467652062706d6e456c656d656e743d22666c6f7735222069643d2242504d4e456467655f666c6f7735223e0a20202020202020203c6f6d6764693a776179706f696e7420783d223832382e302220793d223139372e30223e3c2f6f6d6764693a776179706f696e743e0a20202020202020203c6f6d6764693a776179706f696e7420783d223836302e302220793d223139372e30223e3c2f6f6d6764693a776179706f696e743e0a2020202020203c2f62706d6e64693a42504d4e456467653e0a2020202020203c62706d6e64693a42504d4e456467652062706d6e456c656d656e743d22666c6f7736222069643d2242504d4e456467655f666c6f7736223e0a20202020202020203c6f6d6764693a776179706f696e7420783d223231352e302220793d223133372e30223e3c2f6f6d6764693a776179706f696e743e0a20202020202020203c6f6d6764693a776179706f696e7420783d223235302e302220793d223133372e30223e3c2f6f6d6764693a776179706f696e743e0a2020202020203c2f62706d6e64693a42504d4e456467653e0a2020202020203c62706d6e64693a42504d4e456467652062706d6e456c656d656e743d22666c6f7737222069643d2242504d4e456467655f666c6f7737223e0a20202020202020203c6f6d6764693a776179706f696e7420783d223237302e302220793d223135372e30223e3c2f6f6d6764693a776179706f696e743e0a20202020202020203c6f6d6764693a776179706f696e7420783d223237302e302220793d223139372e30223e3c2f6f6d6764693a776179706f696e743e0a20202020202020203c6f6d6764693a776179706f696e7420783d223430332e302220793d223139372e30223e3c2f6f6d6764693a776179706f696e743e0a2020202020203c2f62706d6e64693a42504d4e456467653e0a2020202020203c62706d6e64693a42504d4e456467652062706d6e456c656d656e743d22666c6f7738222069643d2242504d4e456467655f666c6f7738223e0a20202020202020203c6f6d6764693a776179706f696e7420783d223237302e302220793d223131372e30223e3c2f6f6d6764693a776179706f696e743e0a20202020202020203c6f6d6764693a776179706f696e7420783d223237302e302220793d2238302e30223e3c2f6f6d6764693a776179706f696e743e0a20202020202020203c6f6d6764693a776179706f696e7420783d223333352e302220793d2238302e30223e3c2f6f6d6764693a776179706f696e743e0a20202020202020203c6f6d6764693a776179706f696e7420783d223538332e302220793d2238302e30223e3c2f6f6d6764693a776179706f696e743e0a20202020202020203c6f6d6764693a776179706f696e7420783d223837372e302220793d2238302e30223e3c2f6f6d6764693a776179706f696e743e0a20202020202020203c6f6d6764693a776179706f696e7420783d223837372e302220793d223138302e30223e3c2f6f6d6764693a776179706f696e743e0a2020202020203c2f62706d6e64693a42504d4e456467653e0a202020203c2f62706d6e64693a42504d4e506c616e653e0a20203c2f62706d6e64693a42504d4e4469616772616d3e0a3c2f646566696e6974696f6e733e, '0'), ('7503', '1', 'transfer2.png', '7501', 0x89504e470d0a1a0a0000000d4948445200000587000003740802000000603c00350000491249444154789cecdd0b9c9555bd3f7e4225ceeb7fce4f441031cd00fb69e784c9c5a3a55dcce47414134e8925666529f6cbbb79058a53964a2694758e9db2ac503c16a96982861754ee7750b92872111510d191cb30b3f79efd5f7b3f33dbed80e38c33c3da7be6fd7e3dafe7b5f6b3d77ee699e73bbcd65a1ff6ece9900500000088a143ec0b00000000da29a9040000001087540200000088432a01000000c4219500000000e2904a000000007148250000008038a412000000401c5209000000200ea9040000001087540200000088432a01000000c4219500000000e2904a000000007148250000008038a412000000401c5209000000200ea9040000001087540200000088432a01000000c4219500000000e2904a000000007148250000008038a412000000401c5209000000200ea9040000001087540200000088432a01000000c4219500000000e2904a000000007148250000008038a412000000401c5209000000200ea9040000001087540200000088432a01000000c4219500000000e2904a000000007148250000008038a412000000401c5209000000200ea9040000001087540200000088432a01000000c4219500000000e2904a000000007148250000008038a412000000401c5209000000200ea9040000001087540200000088432a01000000c4219500000000e2904a000000007148250000008038a412000000401c5209000000200ea9040000001087540200000088432a01000000c4219500000000e2904a000000007148250000008038a412000000401c5209000000200ea9040000001087540200000088432a01000000c4219500000000e2904a000000007148250000008038a412000000401c5209000000200ea9040000001087540200000088432a01000000c4219500000000e2904a000000007148250000008038a412d02ca9546aeedcb9e3c78f1f366c58fffefd7bf5ead5a54b97f7bdef7d1df688d6fb427bec5b8077e5e71cf6a4f0ef220c6461380b835a18dac2001786b930d8c51e6f0168b3a412f01e6dd8b0e1c61b6f3ce8a083faf6ed7bfef9e74f983061debc79ab56addab2654bec4b0380f72e0c6461380b835a18dac2001786b930d885212f0c7cb12f0d8036482a01efc51d77dcd1b56bd7b3ce3a6be9d2a5b1af05005a5718ecc2901706be30fcc5be1600da1aa904344d4d4dcd05175cd0a74f9fd5ab57c7be1600d873c2c0d7a953a7af7ded6b61288c7d2d00b41d5209689ab3cf3ebb6fdfbe151515b12f0400f6b430fc8541f0820b2e887d2100b41d520968823beeb8a353a74e220900daad3008f6e9d3c7af7200d052a412d0581b366ce8dab5ab5fdc00a09d0b436118107df825002d422a018d3576ecd8e1c387c7be0a0088efacb3cebaf1c61b635f05006d8154021a25954a1d74d041fee2060064f37f95230c8b61708c7d2100943da90434ca9c39738e3cf2c8d8570100a5a26fdfbe73e7ce8d7d1500943da90434cab871e3befded6fc7be0a002815e79f7ffef8f1e3635f0500654f2a018d72fae9a7fbbc710028983061c2b061c3625f0500654f2a018dd2bf7fff79f3e6c5be0a00281561580c8363ecab00a0ec4925a0517af5eab56ad5aad8570100a5220c8b61708c7d1500943da904344a972e5db66cd912fb2a00a0548461310c8eb1af0280b22795804679dffbde17fb1200a0b4181c01683ea904344a870efeb100c0db181c01683e6309348a891700d4637004a0f98c25d028265e00508fc11180e6339640a3987801403d0647009acf58028d62e20500f5181c01683e6309348a891700d4637004a0f98c25d028265e00508fc11180e6339640a3987801403d0647009acf58028d62e20500f5181c01683e6309348a891700d4637004a0f98c25d028265e00508fc11180e6339640a3987801403d0647009acf58028d62e20500f5181c01683e6309348a891700d4637004a0f98c25ad68d6ac5923478eecd7afdf81071eb8d75e7b7568afc2f71eee40b80fe16e847b12bb2cef5107132f00783b832300cd672c6915cb962d1b3a74e861871d76d55557cd983173cdda7555d5a9ea54d8d2f9add0d8edc35d8f9777ffaaeaea7007c27df8ee1557847b3264c890707f6297a8c94cbc00a01e832300cd672c69790b162ce8dcb9f3f5d75fbfa3b2b23a559d5f9ce7f6a954124cec664ba50bed36de3fdc931b6eb8a17bf7ee0f3ef860ec42358d891700d4637004a0f98c252d2c2cb6c3083d6ddab4fccabc3aff0e89dcf2bcae9ddfa753d56f3f52bcb587fe0f3dfc50b84b0b162c885dae2630f102807a0c8e00349fb1a4252d5fbefc80030e78f8e129d5a9aa54aaaa3ab5336c49a3dec35c877455d2add06857fda74d7bfcfdef7f7f19fd2a87891700d4637004a0f98c252d69e8d0a1d75fffa3fc523cacc32b738df4cebac5796dbbee486572bcb65bbbec7fc30dd77fe1b4536317adb14cbc00a01e832300cd672c6931b367cfeeddbb77e5ce6d61bd9d0a5b6e351ef695d575ed644b25fb74a1b1b3ddf6df51b9b54f9fdee5f257394cbc00a01e832300cd672c6931a3468dbaf2ca2b53a91df995f98eb07de6f3831bf9b73393feb9b57addcbdf6aa4f307930ee9cae2f3b781fe575c71d9c891236397ae514cbc00a01e832300cd672c6931fdfaf59b3e7d5a756a7b7e05befd849306bd9ccdaec96457a6b2cf5465175565e76e4d8f9bf4c843ebdf985d9d9d55999d5d997d727bf6e19dd99f3db9e4bc1123f2cbf51d859717b793876fb553b54fb581fe33663c71d4511f8b5dba77376ddab47ff8877f78fcf1c7635f08009410a90400cd672c69313d7bf65cb3e6b9547a7bb285717a6b36bbad26fb463afb5a75767b367bd9b5dfebd0f11f8f1d34647d2abbae2abb6e67767565f6b974f6ee198b42e7546ec5be2d796dae91ca9f27b53d6954171ed69dbf6df45fbbeef91e3d7ac42eddbb78fcf1c7bb76edfae74993f6df7fffc71e7b2cf6e50040a9904a00d07c91c792850b177efffbdf1f3c7870fffefd0f3cf0c07df6d927ec43fb94534e09c7c3b3712faf49f6da6bafaaeaada9dc827c5b586f87717a7b265b95c93d95aec9edfffab72907f5f9e8c8eb6e4a67b36fa6b36fa4b2afa5b2af67b30fcf599c4b25d2f9257d6e61bf2dbfbcaf3d4fedc3e246ddf136d0bfba7a6bc78e1de316ae6149243175ea23d5a9f4238f3c2a98008002a90400cd17672c79e38d37aebefaea0f7ef0837dfaf4b9fcf2cbefbffffe993367ad59bb6e675575d887f6bdf7dd178e87670f39e490d033f48f729d4d927fbfc39ba9f4d6546a6bd88787dbd2d9cd3bb2d599da0eafbffefacdb7dcfac39fdcb2eea557c2c3544db63a9f564c9fb7a8f6b5f917d69e64d746aec35be76f33fd4b7942531c49249b6002000a4a791007a05cece9b1a4b2b272dcb871ddbb771f3162c4c2458b0b8bbd77da162d5ef2ad73cf0dfd6fbef9e6f0da3d7cb54d927fbf4358695724fb5c2a91c96eda9eddb0359bca66ababaa8e38fcf00e1df6ead0a1f397be7276f10be7ce5ff0d66b6b97ee85f31435d2c5c72bda4cff929dd0ec1a4914828970dc674c0040c90ee20094913d3a96ac5fbf7ee0c08183070f5eb478c9bbe611f5b289534e197cf4d1478733ecc90b6e927cb250915f6987257745f21b1c9b77645f7a33bb716776eed3ab7af4e8b1d7de9dfe61df6e5f3ef36da9c49c79f343e7746ed15e914e57149f249dae6d847dd2a1e8a936d2bf342734ef1449245b38befffefb0b260068e74a731007a0bcecb9b164ddba75ddbb77ffc94f7ed2a43ca278bbfefa1b7af6ec396bd6ac3d76cd4d92ff2d8c37720beff41bc9627b474df6b5cadc7b2536edcc4e9db3acefc70674eb7ec0be5df6bbf5f777efcc66b75665b757e55ef8e4cc39b5afcdbdbc769f5fdebf7524bfbc7fa3f8fc6da67f094e681a8e240413009028c1411c80b2b387c69259b3668571eb4f7ffad37b8e2492edcf932685f3ac5bb76ecf5c7693e49385d7d3b945f8eb614bc6e91d35b94fb5dc529d7de9cdd4f425ab3fd67fe00927fdfbc6aaec86caecc6caece6aa6c5536fbe4ec7c2a914e16f3b92dbf92cf9f2a5dbb4f151fcc9fbfcdf42fb5094d632209c1040064a51200b4843d3196ac5fbfbe67cf9ef7de7b6f332389649b78d75dddbb772fc15fe5c8270bafe7d7e161d5bde5d39ff9d4e26757ce5db26ce6c2654fcd5ff6d48215d3173fffe8ec67662c7961dafc154fcc5ffed482e53317ad58b272ed2f7f75dbe9c38625af4a25fbd4ebc50ff3edba8775e76f33fd4b6a42d3f848423001002535880350a65a7d2ca9acac1c387060737e7163b7bfca71f4d14797da875fe63f1b222cb6b7e497dc61bdbde53bdf39bf43237cf18b5f4cfaa7ebb654d1798a1bf5cedf36fa97ce84a6a9918460028076ae74067100ca57ab8f25e3c68d1b3c78700b4612c976ca29836fbef9e6d6bef826c9a712afa5d29bd3b9edb5a49d4ae5daf97d72b0f648ae913fa27f894c68768d24366cdcd4c04f60f1b3820900daa71219c401286bad3b9654545474ebd6ada97f71a3315b386738f31b6fbcd1aad7df24f9dfe07835bfe40e2bf05753a9da76e148f1c3fc72fd55fdc3560a139a5d238951a3471f74d041cf2e5bbedb1fbf703c3c1bfa08260068cf4a611007a0dcb5ee5872cd35d78c1831a2c5238964fbd6b9e75e7df5d5ad7afd4d927fafc4abbbdd5285466af71dda73ffe8139add4612c92fd7ec3698482289a483600280f62cfa200e401bd0ba63c921871cd21a6f9428bc5de2e0830f6ed5eb6f927c2ab12995da14f6b9463a69bc9aae6d14daafbead5bbbef1f7742d34024b1db60a23892104c00d0ce49250068be561c4b162e5cd8a74f9f568a2492ad77efdee1abb4deb7d024f95462637ea5bdb16e59be31bffc2e1cdcb8db0eedbc7fc409cd6e3f4ba25ee8501c4cec1a4924cffa8c0900da27a90400cdd78a63c9f7bffffdcb2fbfbc5553894b2ebd347c95d6fb16ea49a55237de78e3edb7dffeeaabafeefa6c5d2a916c1bf25bf1c38dbb6c1bf40f5b8b4f681a2e53c13bfdc58d778a1e264f79a881c0a278134c00d04e48250068be561c4b060f1e7cfffdf7b76a2a71ef7df79d72ca29adf72dd43369d2a4642dbaf7de7b5f7ae9a5555555c5cfe6538957ead6db85c6ae5beea94ca65eb7f6dbbfc527340d9729d1f01f01dd6d30d1b163c7c64412820900da0fa90400cdd78a63c980010366cc98d9aaa9c4cc99b3faf5ebd77adf423d15151585a56968ecb7df7ef7dd775fe1d97c2af172586f6732af6472abee97932d3cacdfc83f5bd7a7bdf76ff1094dc365cabe5b24d14030d1c848423001403b219500a0f95a712ce9d9b3e7ea356b5b359558b3765d8f1e3d5aef5bd8d5e1871f5ebc34dd7befbd8f3df6d8b56bd7666b538997f22bedb07f29935b96bf5c3892293a9e1c2c34da79ffd698d03450a6c64412ef1a4cbc6b24219800a03d904a00d07cad3896ecb3cf3e3babaa5b359508e70f0bce3163c634f07fda7b526eb19d4996dc2fd5aebd77799879ebf8fa46f6afac5cd3a4fe4d3d7fbebdbe31fd439ff776fe06fa87fbb6272bd8c84822d9264f7968d75fdc0847c2f1469ee191471edd7ffffd5bef5f190044d4412a0140b379af44d374e9d225599a76eedc79f8f0e1bd7bf71e3a7468e1bd12994c6e6d5fbbaf5de7efe648a66eff4efdabaad63cfbec13cb9e7d22ec1f7ffc2fc71cd33f79b86c59ee482ab52ee97fc209c715cebf6ad5ac2f9f715af1f95f5abf60e5caa756ac78aa76bf22b70fdb8b2fce2f7cc5a953ef1e39f2e2d01830e0c8d7b72cdbedf50c19f2f90d1b1687c69b152b8f3beee8aaaab5ef7afd4dfa7e5b6342d34099a64d9bd6b56bd7bf4f9deabd1200d04c5209009acfe74a34c1c2850b9345e9a041834e3ae9a43e7dfa4c9e3cb9f06c2e9548bf98ce6fa111d6de857dedc14cb2200f8dba87efd07fedda39871df6a18b2efa66d82ebcf09c8b2e3a27bfffe645179e73e8a1076fdefc74d2f3f8e3ff35ec6fbdf5c67ffbb7cf7ce6331fefde7dffd008dbfdf7ff3e9cf3965b7ef4f5af0dfb5a7edb6fbf2e5ffffab0f030ec6fbe794ce17a060ffedcdcb9931f79e4ee0f7de89070bcb02d5cf07078f6e597164c9972e775d75d75c105df983cf98e700d23469c151a2fbfbca0e1eb6fd2f7dbe2139a86cb946d5c30e1732500e05d49250068bed6fd1b1cf7dc7b6faba612e1fc279fbce7fe06c7d4a953c3e83b70e0c07df7ddf7baebaedbdddfe0581756e099da75f8badcc3dafd8bf9e3b5edba6eebdea9ffcb2f2db8ecb2f30afd4f39e5c442ffcb2f1f51f1c6f27beeb9edf8e3fff51ffff1ff0bfbe79f9f9eaa5e3b68d0a7d7bf3877ebd695bb3dff91477e64d7eb9931fdbecf7ef6b8e4fc3ff8c1157dfb1e71c71dbf48b6152b9e08dd264efce517bf78f2cf7ef683b01d72c84149231c09c71bbefe267dbf2d3ea169b84c898683097f8303001a432a0140f3b5e2583266cc988b2fb9a45553894b2ebd74d4e8d1adf72deceac1071fbcf5d65b376fdebceb53f9f74aaccd64d6a6c33edfa8dd678adaf5f6efdc7fcb6b4b3ff18981279df4c9b0fdd33ffd63d238eeb8812b573e91f45fb2e4ef3d7a74afae7e21741e3dfae2dffef6a7e9f49a2f7ce1a4575f5dbcebf98f3cf223f5ceffdae6251ffad0215fffdae91326fcfcdc6f9db961c38241833e55ef7a264efce5f0e1437ff7bb9bc3163a278d70249f4abccbf537fefb6d8d094d03652a98366dda7efbedb7eb674cec36920847264f7968b7c7770d26441200b4135209009aaf15c792850b17f6e9d3a7555389debd7b87afd27adf4293e4538935b92d93ecd7d63eac3b987eab9d7baae8e16efa6fdab4f0d4533f97b4070e3c32e97fdeb9672e5ef450d27fc488e1ddba751d79ed05cb9e7df4a31f3dfcab5ffd8f3e7d0efdeb7dbf9d32f98f9b362daa77feba54e2adf3ffe77f5e3e72e4855fffdae983079ff8da6b4b36bc327fdf7dffcfc73fde3f6cf978624d3e95f8c539df1836e9cfbf0a5b38f99ff38d7024974abcdbf537fefb8d38a1d9f5ef716cd8b8a981e8e19d028bf02a910400ed90540280e66bddb1e490430e59b478492b45120b172d0ee76fd5eb6f925c2a914996dcab3399d5f9fd9a5ca3f648ddf1e2c63bf7dfb469e10107743bf9e413c2f67ffecf3f258d430e3968f1e287c2b39b372f1a76fae0e38f3ffa7bdfbbf8ef7fbf331c1935eac2cb2efdd6ecd9f77dfce3fd2b77aca877fe5c2af1f6f36fdbb67cee9cfbbffef52f5557af0a0f376c98970b23de7e3d1327fee20b5f38e9c61bafbdf1c66b0e3eb867d8872d1c9938f19677bdfec67fbf712734bb0613a3468f6ee0dd10bb0613a1bf480280f6492a0140f3b5ee5872cd35d77cebdc735b29950867bee2ca2b5bf5fa9b249f4a84c5f60b615f93595ddbce3f2c6aacdee5c8eefb6fda383fff5e895c3bff5e89dc53e79d77e6e2459343879fde34ead147271e7ffcd13bb62fbbfbeeff3aedb4936ebb6deccb2fcf39e2883ecb973db2ebf9f3ef95a87f3d73e7defff5af7d2939b2e195b9c71c73d4cc99f7cc9cf197b04fae271c7cf49189e10b85fdfffdbfbd9246d8366c98f7aed7dff8ef37fa84a6816062b7bfa0511c4c88240068cfa20fe200b401ad3b9654545474ebd6ad35de2e11ce19cefcc61b6fb4eaf53749fe37385665322fd4aec09376e6859afc3ebf1acfb7d38523ab1ae8bf69e3fc6eddba9e74d2f161cb7fae44aef1810f1cb878f1e4d079c9e229a1fff1c71f1d7afecfaf7ebc79f3c2e7563efec94f1e7deaa927eef6fc471e79c4aed73377ee5fbffef52f25fd376c987be8a11fb8ecd26f5e76d9b72ebbf45be1e094c9bf4fdea051effd1ac93665caef1bbefec67fbfa530a1d96d30d1c0875926c18448028076ae14067100ca5dab8f25e3c68d3bf9e4535a3c9508e7bce9a69fb6f6c53749febd1261a5bdaa26bfcf6db5ebf0a27dd1c342b7ddf6dfbaf5e9dffce686e4e1c0817d936ef7dcf3ab975f9e5de87ffcf10343874d9be65d74e1d7070ffeec334f3ffca31f5df1ddef9e1b0e2e5932f9969f8ff9797e0b8d830eeaf1f3ba87615bbce8c1f0f2b973eecbbd5722ffe5366c983368d0278bafa7aa6ac5d6379fce6d5b73fb7efdfea5f86178b6e1eb6ffcf75b22139add7ec644033f813e4b02004a641007a0acb5fa58525959d97fc0801b6eb8b105238970b670ce37b76e6bed8b6f927c2af17c26fd7cd8e716de8546e6f9644bdab547d2b507f52f9d09cdaec1446336910400ed56e90ce20094af3d3196ac5fbfbe5bb76e13efbaab4522893f4f9a74e08107ae5eb3760f5c7993e45389953599e732e9dcbed0a8dde71bf53be89f79aea426344d0d26441200b4672535880350a6f6d058b26eddba306efd79d2a466461213efba2b9ce7a9a7a6ef99cb6e92706135b955776ecb64920579dd3efdd6f15d0fb6f3fea536a1697c30219200a09d2bb5411c8072b4e7c69259b3661d78e081cdf9558ef0da6eddbaad7a61f51ebbe626c97fdae58a4c66454d664568d4248d5df7b57d5616b5db75ff129cd034269810490040090ee200949d3d3a96ac5fbfbeff8001279f7c4a53ff2a47e81f5e155e5b82bfb851907fafc4f2fc962cb99767d2b50f0b8d4287ccdb1fb6e7fea539a169389810490040562a01404bd8d363496565e54d37fd34ace8be75eeb98dc926429fd033f40faf2ab58fb7ac27ffb912cbf2abee65758de549a3def17acfb6f3fe253ba179a7604224010089921dc401282371c6928a8a8a6baeb9e6e0830feeddbbf7c5975c72cfbdf7ce983173f59ab53babaac33eb4c3914b2ebd343c1bfa5c79d555a17f94eb6c92fc7b2596357ecb649ed5bfa6845389ecee82099104001494f2200e40b9883c962c5cb870cc9831b9dfcee8dfffc0030fdc7befbdc33eb4c39151a3478767e35e5e93ecb5d75e99f43335b9b5f7b3994c6da3b0158eecfa547bee1fee58c78e1d6397ae21c5c1844802008a492500683e63498be9d9b3e78beb1eadc93c9d6cd99a67f28d67f2dbd36f6f3f53d7e19976de7ffd8b8ff5e8d12d76e9de45124cfc79d22491040014934a00d07cc69216d3af5fbfd9b3261656dd3599a5455b5884170ee6f6d9b73ab4ebfee18e1d75d411b14bf7eea64d9bb6fffefb877dec0b018012229500a0f98c252d66d4a851575cf18d6c4d586c2f29accfb361ab295eaed77bb8a49df7bfeaca73465e7b6eecd235ca983163625f02009416a90400cd672c6931b367cfeed5ebe0eaaa05d9dcaa3b2cbf97e497dfb55bf1c3fa4fb5d7fee15ef5e973c8cc19136297ae514cbc00a01e832300cd672c694943870e1d7be3a53599c5d9cce2dcbe26d7c8afc9eb8ee40fd6d43ebb24bf2d6eb7fdc3bd1a3ae4b3b18bd658265e00508fc11180e63396b4a4e5cb97bffffd9da63f797b6e7d9e5b7e2f0a5b36bfcf350a47de7a6a71d2a11df67f64eaff74efbedfb3cfdc13bb688d65e20500f5181c01683e63490b5bb0604118a1a7fefd57359985d99a64059edb720f33758dba23493b69b4abfe4f3df9bb70971efcdb2f6297ab094cbc00a01e832300cd672c69790f3ef8e001ddf71b7be3c5a9aa39359905d99a05c93e9b59f0b687f9236f6bd4ebd016fba7aae7843bd3f9fd9d16ccbf3376a19ac6c40b00ea313802d07cc69256b17cf9f221434ee8ddeb03575ef1b539b3feb07edde49accbcfcb27c7eb2af098d5cfbed8d9ada67b3c5edf2ef5f939ef7e2bac9b367fefeca2bceeed5eb0343879cb07cd9a4d8256a32132f00a8c7e00840f3194b5ad1ecd9b3478dfce651471ddef3c06e7b75ecd8a1bd0adf7bb803fd8e3a3cdc8dd9b37e1fbb2cef5107132f00783b832300cd672c814631f102807adef7bef7c5be0400ca9e8516348a540200ea313802d07cc6126814132f00a8c7e00840f3194ba0514cbc00a01e832300cd672c814631f102807a0c8e00349fb1041ac5c4abc4cd9a356be4c891fdfaf53bf0c003f7da6baf387f6fa60484ef3ddc81701fc2dd08f72476595a8cfa26d4b76d2b97faa652a909132654545464eb06c7850b174e9f3e3df6750150ae2cb4a0513a48254ad5b265cb860e1d7ad861875d75d5553366cc5cb3765d5575aa3a15b6747e2b3476fb70d7e3e5ddbfaaba3adc81701fbe7bc515e19e0c193224dc9fd8256a16f555dfd2b9ffea9bf8c10f7e10c6c48e1d3b1e7ef8e1a1d1a54b97245579ecb1c7625f1a0065c9420b1a452a519a162c58d0b973e7ebafbf7e47656558cbe427f7b97d2a952c6c76b3a5d285761bef1feec90d37dcd0bd7bf7071f7c3076a1de23f555df92bdffedb9bed75d77ddae6ff438e69863264f9e1cfbd200284b165ad0285289121426eba12ed3a64dcbcfecabf3ffc39a9bded7b5f3fb74aafaed478ab7f6d0ffa1871f0a77292cff6297abc9d4577d4bfffeb7cffa6edebc79efbdf72e8e24060d1ab4efbefbbefaeaabb12f0d80b264a1058d22952835cb972f3fe080031e7e784a75aa2a95aaaa4eed0c5bd2a8f730d7215d95742b34da55ff69d31e7ffffbdf5f9a6f057f27eaabbee572ffdb677d2fbbecb28e1d3b269144e7ce9d070d1af4c31ffe30f6450150ae2cb4a051a412a566e8d0a1d75fffa3fc543ecce32b738df4cebac97d6dbbee486572bcb65bbbec7fc30dd77fe1b4536317ad09d4577dcbe8feb7c3fa565555edb7df7e492a317cf8f0c30e3b6ce7ce9db12f0a807265a1058d22952829b367cfeeddbb77e5ce6d61be9e0a5b6e361ff695d575ed644b25fb74a1b1b3ddf6df51b9b54f9fdea5fca9fec5d4577dcbebfeb7cffade77df7dc9ef71f4ead5cb274a00d01c165ad028528992326ad4a82bafbc3295da919fd9ef08db673e3fb8917f7b2fe99f9bebd7bdfcad463a7f30e990ae2c3e7f1be87fc515978d1c393276e91a457dd5577dcba2bec71e7b6c28ca902143625f0800e5cd420b1a452a5152faf5eb377dfab4ead4f6fc0c7efb09270d7a399b5d93c9ae4c659fa9ca2eaacacedd9a1e37e99187d6bf31bb3a3bab323bbb32fbe4f6ecc33bb33f7b72c9792346e4a7fb3b0a2f2f6e270fdf6aa76a9f6a03fd67cc78e2a8a33e16bb748da2beeaabbe6551dfb56bd786c131ec635f0800e5cd420b1a452a51527af6ecb966cd73a9f4f6640bd5d99acd6eabc9be91cebe569ddd9ecd5e76edf73a74fcc763070d599fcaaeabcaaedb995d5d997d2e9dbd7bc6a2d039959bf16f4b5e9b6ba4f2e7496d4f1ad5858775e76f1bfdd7ae7bbe478f1eb14bd728eaabbeea5b2ef5353802d07cc612681413af92b2d75e7b55556f4de526f4dbc27c3d54677b265b95c93d95aec9edfffab72907f5f9e8c8eb6e4a67b36fa6b36fa4b2afa5b2af67b30fcf599c5bd5a4f34b82dcc2605b7e79507b9eda87c58dbae36da07f75f5d68e1d3bc62d5c23a9affaaa6fc9d677d1a24563c68c39f5d453070c18d0b367cf4e9d3a857d688723e1787836f60502507e2cb4a051a4122525ffffa56fa6d26161b335ecc3c36de9ece61dd9ea4c6d87d75f7ffde65b6efde14f6e59f7d22be161aa265b9d5fed4c9fb7a8f6b5f917d69e64d746aec35be76f33fdcbe5c7587dd5577d4badbe151515a3478f3ef4d043dff5b33f429fd033f48f78b5009497f298c140741d3b76aca9a9897d15d4caff7f6998a95724fbdcaa2693ddb43dbb616b3695cd5657551d71f8e11d3aecd5a143e72f7de5ece217ce9dbfe0add7d64efd0be7296aa48b8f57b499fee5b46a555ff555dfd2a86f5555d5f8f1e3bb75ebd6c84f244d84fee155e1b551ae1980f2521e331888ae4b972e5bb66c897d15d4caaf4c2af233f53065af48de01be7947f6a537b31b7766e73ebdaa478f1e7beddde91ff6edf6e533dfb6aa99336f7ee89cce4dfa2bd2e98ae293a4d3b58db04f3a143dd546fa97d5aa557dd5577de3d777fdfaf503060c288e1bf6df7fffb3cf3efb8e3b27ce9a357bedba17b76ddf11f6a11d8e9c75d659e1d9e2ce03070e0c67d8f3970d4079298f190c44d7ab57af55ab56c5be0a6ae5dfc5fd466ee29e7e2399acefa8c9be5699fbbfd64d3bb353e72cebfbb101ddba1fb06f97fd6efdfddd3bb3d9ad55d9edf9ffb17b72e69cdad7e65e5ebbcf2f0fde3a925f1ebc517cfe36d3bf9c56adeaabbeea1bbbbeb366cdead9b367216238ecb0c3ee9c7857e5ceaaea54fa9db6f06ce8d3a74f9fc2abc219c279f6f09503505eca630603d1f5efdf7fdebc79b1af825af995c9ebe9dc24fef5b02593f5b0b0792395dd529d7de9cdd4f425ab3fd67fe00927fdfbc6aaec86caecc6caece6aa6c58d73c393bbfaa49278b81dc965f09e44f95aedda78a0fe6cfdf66fa97d5aa557dd5577d63d677d6ac599d3b774e92854e9d3a8d1b376efb8eca06f288e22df4bce9a69f8657252f0fe7114c00d080f298c14074c3860d9b306142ecaba0567e65f27a7e1e1f66ed5b3efd994f2d7e76e5dc25cb662e5cf6d4fc654f2d58317df1f38fce7e66c69217a6cd5ff1c4fce54f2d583e73d18a252bd7fef257b79d3e6c58f2aa54b24fbd5efc30dfae7b5877fe36d3bf9c56adeaabbeea1bafbeebd7af2fbc4ba27bf7ee8f3df67823f388e22dbcaaf06914e16c7e95038077521e3318886efcf8f1e79f7f7eecaba056fe77cbc3647d4b7eca1ee6eb5bbef39df31bf3016c5ffce21793fee9ba2d55749ee246bdf3b78dfe65b46a555ff555df58f5adaaaa2a7c9644f7eedd97af58f91e2289640baf2d041303070ef4e19700ec5679cc6020bab973e7f6eddb37f655502bbfaa792d95de9cce6daf25ed542ad7ceef9383b547728dfc11fdcb6ad55a06f7b3d4faab6fdbeebfc7ea3b7efcf82447e8d4a9d37b7b9744bd774cecb3cf3ec909c399f7ccb7004079298f190c44974aa50e3ae8a0a54b97c6be10723ae4de01fe6a7eca1e66f0afa652b5edc291e287f9e9feabfa87ad8c56ad65713f4badbffab6edfe7ba6be15151585bfa3316edcb8664612c976d34d3f4d4ed8ad5bb770fe3df05d00505eca630603a560ecd8b1c3870f8f7d15e4e4ffaff5d5dd6ea94223b5fb0eedb97f19ad5acbe27e965a7ff56ddbfdf74c7d478d1a9524081ffef0871bfff196effae19785bfca317af4e83df05d00505eca630603a560c3860d5dbb765dbd7a75ec0b2159d56c4aa536857dae914e1aafa66b1b85f6ab6febd6eefb97d5aab50cee67a9f557dfb6dd7fcfd4f7d0430f4de2833b27ded5229144b285b325a70de7df03df0500e5a53c66305022eeb8e38e4e9d3a79036a74f955cdc6fc4c7d63ddb47e637efa5e38b871b71dda79ffb25ab596c1fd2cb5feeadbb6fbef81fa2e5cb830c90ef6df7fffca9d552d984a84b375edda3539f9a2458b5afb1b01a0bc94c70c064ac7d9679ffdb18f7d4c30d1da52a9d48d37de78fbedb7bffaeaabbb3e5bb7aa49b60df9adf8e1c65db60dfa87ad7456adeaabbea57f3f4bad7f8bd4b7e1d28c193326090ec248d7829144b29d75d659c9c9c35769fe3702405b522a33182817353535dff9ce77faf4e9e357395ad5a4499392f9ebde7bef7de9a597d6fb7b72f955cd2b75f3f54263d72df7542653af5bfbed5f3aab56f555dfd2bf9fa5d6bf45eadb70694e3df5d4e4d93bee9cd8e2a944386772f2f0559aff8d00d09694ca0c06cacb1d77dcd1b56bd7e1c387fbab1cada4a2a2a263c78ec9143634f6db6fbffbeebbaff06c7e55f37298af6732af6472b3f697932d3cacdfc83f5bd7a7bdf72f9d55abfaaa6fe9dfcf52ebdf22f56db83403060c489e9a356b768ba712e19cc9c9c35769fe3702405b522a3318283b1b366c183b76ec41071dd4b76fdff3cf3f7fc28409f3e6cd5bb56ad5962d5b6a6a6a625f5d5b70f8e1877728b2f7de7b1f7becb16bd7aecdd6ae6a5ecacfd4c3fea54c6e5aff72e148a6e87872b0d068e7fd4b67d59a555ff52df9fb596afd5baabe0d94a667cf9ec9c1b5eb5e6cf154229c333979f82a2df28d00d06694d00c06ca512a959a3b77eef8f1e3870d1bd6bf7fff5ebd7a75e9d2a5f03f5134defbdef7be26f5cf4dd633c994fda5dab9fb2e0f336f1d5f5fb2fdab76aedd63d7d321ff1bddad52bf9656b2f57acffd6b0faa6f5ea9d52b955a5f52d713abbe9d3a754a1adbb6ef68f154229cb3f055620fdd009416a90450a2ba74e9924c613b77ee3c7cf8f0debd7b0f1d3ab4f07fad994c98b8afafdde726f1b55bbd2399ba7d93faaf7f71fee73ef7c9ad5b9fbbeebaab1e7b6c5275d5da3ffce1e7e3c7ff20e9bf66cd9ccb2f1b3173e603e1e1f923beba7cf993f5ceff66c5ca575e599c9cf0c823ff39396d385251b1b2f60ba55e4ca5d65557af0bfb41833e3d7fde43a19d6c2d72fdefd4bf4329fd5f7a99d6f7f1c7ff72f555175c55b7dd75d7add75e7bd1c86b2f0afbb16347879e9595ab2fbee85be1e4a1ff860d8bcf38e3b4e48b9e7cf2899b362d55df6c6bd677dae37f09450905bafaeadd542774d8b973f545a13a6fe6aa13fe497ef98cd392971757e78969f79c7efaa96fbef95cd8aaaad68c18f1d5fbfffafbe461f851091db66f7b3ef4bcf4d2f3162dfa7b78d8bf7fdf96fdf96cedfa36501aef9500208a129ac1001414fe40dda041834e3ae9a43e7dfa4c9e3cb9f06c6e55937e319ddf4223ccdd0bfbda839964421f1a750f1bddff9147eeeeddfbd0a79ebc373c1c39f2e2b02e0d2bd85ffef2c73b76ac0afdb76e5d79e289c75f72c9b93367de1f3af4e9f3a1279fbc77c68cbfce98fed7e9d3ffba7dfbf3a1cf9429775e7bcd85c9f98f3cf223c9f9afbdf6c2c993ef48aee7c20bcfe9dbf788e38e3b7ad7ed9e7b7edbcceb6fa07fe9ac5acbb7beeb5f9cf7d453f77dea53c79e71c617fefca7ff59befc8969d3fef2c413f7846dc0802393ebb9fbee5f850e9b373f9d4aadbbe6ea0ba64fbf6fe18287bff29521e9d4bae65fbffa36d07ffdfa79a15eb9ea0cfbc29ff2d57922a9ceb4bfe4aa93effcbfff9babce6baf3d93abce3517846a2e5cf8f057be3c2495af4ee8f3894f0c1c3cf8735dbaec7bfa9706fffad73f39f8e09e279f7c62cf9e3dbef4a5c18f3ffee7eaeab5c71fffafa1db79e79d356fde94679e7eec231ff9f0a43fff7ad2a4df84fd9a35734abcbe0d97c6e74a001045a9cc60008a4d9d3a354c5e070e1cb8efbefb5e77dd75bbfb0cff7561069fa99dc7afcb3dacddbf983f5edbaeebb6ae91fd1f7df44fa79e7ad2c081473efdf4a3a79c72e2073ff88131632edfb9f385f0ecef7e77f39a35b367cef86b8f1eddc3b2f6939ffcd7db6f1f1fd627bd7a7df01b5f1f76e4911f098b9355cfcf08679b3c79c235d75c989c331c4fce1f8e4c997c477219175ef08df0854263dbd6956171db82d7df70ffd259b5966f7d376c58347af425871fdee79863fa5d78e139f3e74d299cffe31f1f50b89ed9b31fa8aa5a3d6ae4c583067dba5fbf8f1e76d887060dfad439e77c597db3ad59df575e59f8bdef5d9a54e7a28b6aab932eae4ebeff9cd90f84a2e7abf3a94275bef9cdaf84671f7ffccf43877e3ef4fcd637bff2c20b337ff9cb1f4f9af4eb70fe4f7dea98ad6fae0cc753a95c2a111a23469c15ce3f76eca833cf1cfae31f5f1d5ef5a52f0d7e7ae9a3255edf864be36f70001045a9cc6000ea79f0c1076fbdf5d6cd9b37effa54feff5ad766326bd3619f6fd4ee3345ed7afbc6f54f55af0efbb05eddfcea92ad5b97df76db4dc71d37f0a28bbef19dfff7b5b0287dfdf5a7ffebbf7e7cfdf5579f77de99931ffc6358a8ac7e61c6e0c1274efdfbc41b6eb866f8f0a1ab564d0fe7993265c279e79ef9cc338f842d2c909e793ad70847c2f1e4ab5c78c137264cf8f9a9a77e2eac75fff99f3f1c1ac9f6d5affe4733afbfe1fea5b36acd966d7d972ef9fb99670e39f32b43befce52ffcf08757fce6373f299c3fac7bc37ef3e6254b16ff7dd9b38f15aee78f7ffcd9b871df6f91eb57df86fbbf559d3376579d4c5d75963d56385e5b9da2f36fdbb622ec67cfbeff739f3bfee28bcfe9dfbf6ff839d91e0ee6fba752ab8f3ffee8d0183162f8a38fde7dc001dd962f7f3c3c1c35eaa2c71ebbbb2ceadb40690a9f5b71d65967b5782a11ce999c3c7c9516f9460068334a680603d048f955cd9adc9649f66b6b1fd61d4cbfd5ce3d55f4b051fd6fbdf5fac90ffe61eadfef9c3af5ce89137ff1dbdffef4b7bfbd69dbd6e5e1a93fffe9d6e79f7ff2e28bbf3973c6bd9b362e7ce081dbc78ebdf6e69bbff7b7076effca974f5bb36646e8b374e9dfcff9c6b064db6fbf7dcf3967d837f2edb0644ace7fde79c3a73ff597eddb960f1c78e496d796fcee77373fffdc932d78fdefd4bfa456ad0d28e5fa86227ef7bb23aebce2fccb2e3df7eefffdefdffc66ec673ffb898f7fbc7fd88e3aea5fc2f99f7a725278f9473f7af8eb5b969e71c6a9670c3b75c080be471ffdb1d008db8ab08255df56ab6ff8a7f7ddcbcfbba27e7506d45627bd2654e7924beaaa132a72c6dbabb3e2f154f50bf7de7bdbe0c1270e3f73c8fa17e78497ac5f3fe7f4d3077ff8c3bdc2d9aaaa56850ef95462cd88f386877fd7a79cf2d90b2ffc46783874e8e75f7e696eb9fffb5db46851121cecbffffe953bab5a30920867ebdab56b72f2f0555afb1b01a0bc94c70c06a058fed3f29229fbea4c66757ebf26d7a83d5277bcb8d194fe7dfb1ef1a31f5d19b61ffce0f2a4d1bbf707376d5a50e87fc9c5e79c7ffef0cd9b1787d5cb73cf4d3bedb441afbdb6f8f4d34f59ffe2ecf0f207eeff5de1fcf9dfe0a83ded030ffc2e69fcc77f7c7ed5aa277ffce3ab860efdb7fbeefbcde73fffe99b6e1a151a73e73ed022d7ff4efdcb69d55aaaf55dbaf4e161a70fbefefaab43bd8e3b6e6058a98615efaed71316c3a9d40b2fad9fb376ed8ca38efae79933ef7de9a53961db59b9527d5bafbe4b973c3c6c58529ddbde5e9db7f5cf57675528c7da35f5abf3d863775d7dd5b77ffffb71279f7c42f1164ef5ddef9ef7e82313c30b73a94466cd8811c39f7a72523a9d0b29e6cd7be0539f3aa6a57e3ee3d6f7d0430f4db2833b27ded582a944385b72da0f7de8437be0bb00a0bc94c70c06a0587e551326eb2f847d4d66756d3bffb0a8b17a97238deddfafdfbf248d638fed97f43fe1848f6fda383f3416ccffdb19c3061f74508ff1e3bf7fc30d57fff087dfddf0cadccf7ffed3e1a9d34e3b69e3c6f9a17feee575a73df2c8230ae72f9c362c63b66d5b3663fa5f6eb9e507bfb8e507e1e115df3def965bfe73ca943fb4c8f5bf53ffb25ab596687d9f5efaf0bffffb67963d3b75e38679b7ddf693dffce6c6dcba377ffeaa9d2b0b5f31ac7b932f3772e405fff99f97fde2173ff8e63967ec0c1dd4b735ebbbb4509d8df36fbb6d6c6d2a91efb64b7572edb7aaf3cd337656ae289cff8f7f1c179e5dbc78ca8409e343e3f5d797dc74d3a8e40ba5aa9f3fe698a3fef6b7dbc34fd1fcf97f0bfd1f796462b76e5d274ebca5a57e3ee3d677f4e8d1497cd0a74f9fed3b2a5b249208e709674b4e1bcebf07be0b00ca4b79cc60008ae5df01be2a9379a176069fb4332fd4e4f7f9d97cbe9d2e1c59d5a4fef95861d50b2f3c79eaa92726fd73abd64df3c3b3ab563db172c563975c72ceac997f193bf69a54f573a1cfcc197f097d060dfae4d6379fa95bf4d69eb32e95c8b5c3f1b04fa757f5ed7bf8dc39f785954fb29d78e227c2d2283426fc71dce2c5939b7ffdefd4bf9c56ada55adfa54b1e3ae2883e5ff9ca17c276fcf147d7a512b933ffe9eeffbae5e76392ebf9cc678eddbe7dd9c9279ff0bdd11785938483bffef50d279e78dcd6adcfa86febd5f7e9a5f9ea7cf90b617bab3af9fe7ffa53a13a2f84eaec48aaf3bd8b52a9e74387daeae4fffd8687975df6ada953ef78e3f5c5279d747c38327efcf77f36fefbc9f5841f9b4f7c62c0f5d75f197e30e6cf7b201c0cafdd77df7f1a3dfac296faf98c5bdf8a8a8a6eddba2509c24d37fdb4455289709ee484e1cce1fc7be0bb00a0bc94c70c06a058feff5ac34c7d554d7e9fdb6ae7f145fba287856e8decbf72c523cb974f0d4b97c71ebdf34b5ffaf76baef97658ed1477b8e4e26fe456aa9955617112b670daeaea95471e794472fea38efae742e270c8210715dae17878f9ecd9f70c1f7edaac59f7fcf6b7637ff7dbb1611f96c461edfadb7c7bc1fc079a7ffdefd4bf9c56ada55adfa54ba77cf18b9f7fe0fedbc276edb5ffef37bfb9e1631ffb48d5ce15e18561897bd75db784575d79e588b0180efbb973ee2dbe9e458b1e6c91eb57df77eabf7449ae3a7f7be0b6071ec855e7b6a43a5545d549d755e78a117342758ace1faa933452a9e7562c7fe40f7fb83934fefbbfaf0b2f1f30a0ef6b9b178687c5fd478c3873d6ccbf7cfbdbc3c38fd0eb5b160d3ff3b4cb2fff56dba8eff8f1e39310a153a74e8f3df67833238970867df6d927396138f39ef91600282fe531830128965fd53c9f493f1ff6b9897ba191793ed99276ed9174ed41fdcb6ad55a06f7b3d4faab6fdbeebfc7ea5b55553560c080c2bb1b96af58f99e2389f0dac23b2f060e1c58ef0f910240a23c663000c5f2ab9a953599e732e9dcbed0a8dde71bf53be89f79aeac56ad65703f4badbffab6edfe7bb2beebd7afefd9b3672198786fef9808af2a4412e16ce19c7becfa01282fe53183012816e6b835b9597b6ecb6492097ddd3efdd6f15d0fb6f3fe65b46a2d8bfb596afdd5b76df7dfc3f59d356b56e7ce9d934c619f7df6b9e9a69f36fec32f43cfd0bff08b1be13ce16c7bf2e201282fe53183012896ffb4bc1599cc8a9acc8ad0a8491abbee6bfbac2c6ab7ebfe65b46a2d8bfb596afdd5b76df7dff3f59d356b56e11d13c161871d76e7c4bb2a77563590478467439fc25fdc48de25219200a061e53183012896ffbfd6e5f92d99b22fcfa46b1f161a850e99b73f6ccffdcb68d55a16f7b3d4faab6fdbee1fa5beebd7af1f38706087225dbb763debacb3eeb873e2ac59b3d7ae7b71dbf61d611fdae148381e9e2dee1c5eeb1737007857e53183012896ffbdf465f959fbb2bac6f2a451ef78bd67db79ff325ab596c5fd2cb5feeadbb6fbc7aa6f5555d5f8f1e30b9f10d148a17f78958fb704a031ca630603502cff7fadcb1abf6532cfea5f5356abd6b2b89fa5d65f7ddb76ffb8f5ada8a8183d7af4a1871efaae7944e8137a86fe11af1680f2521e331880627bedb55726fd4c4d6eeefe6c2653db286c8523bb3ed59efb873bd6b163c7d8a56b14f555dfe8f7b3d4fa974e7d172e5c3866cc98534f3d75c080013d7bf6ecd4a953d8877638128e8767635f2000e5472a01949f30097e71dda33599a7932d5bf34cbef14c7e7bfaeded67ea3a3cd3cefbaf7ff1b11e3dbac52e5da3a8affa46bf9fa5d6bf8cea0b004d259500ca4fbf7efd66cf9a5898b5d76496166d61125f3898db67dfead0aefb873b76d45147c42e5da3a8affa46bf9fa5d6bf8cea0b004d259500cacfa851a3aeb8e21bd99a30595f5298df67c356533cddaff770493bef7fd595e78cbcf6dcd8a56b14f555dfe8f7b3d4fa97517d01a0a9a41240f9993d7b76af5e0757572dc8e666ed61fabe243f7dafdd8a1fd67faabdf60ff7aa4f9f4366ce9810bb748da2beea5b5ef75f7d01a039a41240591a3a74e8d81b2fadc92cce6616e7f635b9467e4e5f77247fb0a6f6d925f96d71bbed1feed5d0219f8d5db426505ff52da3fbafbe00d01c5209a02c2d5fbefcfdefef34fdc9db73f3fbdcf47d51d8b2f97dae5138f2d6538b930eedb0ff2353ffa77bf7fd963d7b6feca23581fa36b5becf3e734feca23581fab6edfa02409348258072b560c1820e1d3a4cfdfbaf6a320bb335c90c3eb7e51e66ea1a75479276d26857fd9f7af277e12e3df8b75fc42e5793a9affa96fefd575f00683ea90450c61e7cf0c103baef37f6c68b5355736a320bb2350b927d36b3e06d0ff347ded6a8d7a12df64f55cf0977a6f3fb3b2d987f67ec42bd47eaabbe257bffd517005a8a5402286fcb972f1f32e484debd3e70e5155f9b33eb0febd74daec9cccb4febe727fb9ad0c8b5dfdea8a97d365bdc2efffe35e9792fae9b3c7be6efafbce2ec5ebd3e3074c809cb974d8a5da266515ff52d9dfbafbe00d01aa412405b307bf6ec5123bf79d45187f73cb0db5e1d3b7668afc2f71eee40bfa30e0f7763f6acdfc72e4b8b51df84fab66d6db5be00d030a9040000001087540200000088432a01000000c4219500000000e2904a000000007148250000008038a412000000401c5209000000200ea9040000001087540200000088432a01000000c4219500000000e2904a000000007148250000008038a412000000401c5209000000200ea9040000001087540200000088432a01000000c4219500000000e2904a000000007148250000008038a412000000401c5209000000200ea9040000001087540200000088432a01000000c4219500000000e2904a000000007148250000008038a412000000401c5209000000200ea9040000001087540200000088432a01000000c4219500000000e2904a000000007148250000008038a412000000401c5209000000200ea9040000001087540200000088432a01000000c4219500000000e2904a000000007148250000008038a412000000401c5209000000200ea9040000001087540200000088432a01000000c4219500000000e2904a000000007148250000008038a412000000401c5209000000200ea9040000001087540200000088432a01000000c4219500000000e2904a000000007148250000008038a412000000401c5209000000200ea9040000001087540200000088432a01000000c4219500000000e2904a000000007148250000008038a412000000401c5209000000200ea9040000001087540200000088432a01000000c4219500000000e2904a000000007148250000008038a412000000401c5209000000200ea9040000001087540200000088432a01000000c4219500000000e2904a000000007148250000008038a412000000401c5209000000200ea9040000001087540200000088432a01000000c4219500000000e2904a000000007148250000008038a412000000401c5209000000200ea9040000001087540200000088432a01000000c4219500000000e2904a000000007148250000008038a412000000401c5209000000200ea9040000001087540200000088432a01000000c4219500000000e2904a000000007148250000008038a412000000401c5209000000200ea9040000001087540200000088432a01000000c4219500000000e2904a000000007148250000008038a412000000401c5209000000200ea9040000001087540200000088432a01000000c4219500000000e2904a000000007148250000008038a412000000401c5209000000200ea9040000001087540200000088432a01000000c4219500000000e2904a000000007148250000008038a412000000401c5209000000200ea9040000001087540200000088432a01000000c4219500000000e2904a000000007148250000008038a412000000401c5209000000200ea9040000001087540200000088432a01000000c4219500000000e2904a000000007148250000008038a412000000401c5209000000200ea9040000001087540200000088432a01000000c4219500000000e2904a000000007148250000008038a412000000401c5209000000200ea9040000001087540200000088432a01000000c4219500000000e2904a000000007148250000008038a412000000401c5209000000200ea9040000001087540200000088432a01000000c4219500000000e2904a000000007148250000008038a412000000401c5209000000200ea9040000001087540200000088432a01000000c4219500000000e2904a000000007148250000008038a412000000401c5209000000200ea9040000001087540200000088432a01000000c4219500000000e2904a000000007148250000008038a412000000401c5209000000200ea9040000001087540200000088432a01000000c4219500000000e2904a000000007148250000008038a412000000401c5209000000200ea9040000001087540200000088432a01000000c4219500000000e2904a000000007148250000008038a412000000401c5209000000200ea9040000001087540200000088432a01000000c4219500000000e2904a000000007148250000008038a412000000401c5209000000200ea9040000001087540200000088432a01000000c4219500000000e2904a000000007148250000008038a412000000401c5209000000200ea9040000001087540200000088432a01000000c4219500000000e2904a000000007148250000008038a412000000401c5209000000200ea9040000001087540200000088432a01000000c4219500000000e2904a000000007148250000008038a412000000401c5209000000200ea9040000001087540200000088432a01000000c4219500000000e2904a000000007148250000008038a412000000401c5209000000200ea9040000001087540200000088432a01000000c4219500000000e2904a000000007148250000008038a412000000401c5209000000200ea9040000001087540200000088432a01000000c4219500000000e2904a000000007148250000008038a412000000401c5209000000200ea9040000001087540200000088432a01000000c4219500000000e2904a000000007148250000008038a412000000401c5209000000200ea9040000001087540200000088432a01000000c4219500000000e2904a000000007148250000008038a412000000401c5209000000200ea9040000001087540200000088432a01000000c4219500000000e2904a000000007148250000008038a412ff7f3b762c0000000030c8df7a187b0a23000000e06125000000808795000000001e5602000000785809000000e06125000000808795000000001e5602000000785809000000e06125000000808795000000001e5602000000785809000000e06125000000808795000000001e5602000000785809000000e06125000000808795000000001e5602000000785809000000e06125000000808795000000001e5602000000785809000000e06125000000808795000000001e5602000000785809000000e06125000000808795000000001e5602000000785809000000e06125000000808795000000001e5602000000785809000000e06125000000808795000000001e5602000000785809000000e06125000000808795000000001e5602000000785809000000e06125000000808795000000001e5602000000785809000000e06125000000808795000000001e5602000000785809000000e06125000000808795000000001e5602000000785809000000e06125000000808795000000001e5602000000785809000000e06125000000808795000000001e5602000000785809000000e06125000000808795000000001e5602000000785809000000e06125000000808795000000001e5602000000785809000000e06125000000808795000000001e5602000000785809000000e06125000000808795000000001e5602000000785809000000e06125000000808795000000001e5602000000785809000000e06125000000808795000000001e5602000000785809000000e06125000000808795000000001e5602000000785809000000e06125000000808795000000001e5602000000785809000000e06125000000808795000000001e5602000000785809000000e06125000000808795000000001e5602000000785809000000e06125000000808795000000001e5602000000785809000000e06125000000808795000000001e5602000000785809000000e06125000000808795000000001e5602000000785809000000e06125000000808795000000001e5602000000785809000000e06125000000808795000000001e5602000000785809000000e06125000000808795000000001e5602000000785809000000e06125000000808795000000001e5602000000785809000000e06125000000808795000000001e5602000000785809000000e06125000000808795000000001e5602000000785809000000e06125000000808795000000001e5602000000785809000000e06125000000808795000000001e5602000000785809000000e06125000000808795000000001e5602000000785809000000e06125000000808795000000001e5602000000785809000000e06125000000808795000000001e5602000000785809000000e06125000000808795000000001e5602000000785809000000e06125000000808795000000001e5602000000785809000000e06125000000808795000000001e5602000000785809000000e06125000000808795000000001e5602000000785809000000e06125000000808795000000001e5602000000785809000000e06125000000808795000000001e5602000000785809000000e06125000000808795000000001e5602000000785809000000e06125000000808795000000001e5602000000785809000000e06125000000808795000000001e5602000000785809000000e06125000000808795000000001e5602000000785809000000e06125000000808795000000001e5602000000785809000000e06125000000808795000000001e5602000000785809000000e06125000000808795000000001e5602000000785809000000e06125000000808795000000001e5602000000785809000000e06125000000808795000000001e5602000000785809000000e06125000000808795000000001e5602000000785809000000e06125000000808795000000001e5602000000785809000000e06125000000808795000000001e5602000000785809000000e06125000000808795000000001e5602000000785809000000e06125000000808795000000001e5602000000785809000000e06125000000808795000000001e5602000000785809000000e06125000000808795000000001e5602000000785809000000e06125000000808795000000001e5602000000785809000000e06125000000808795000000001e5602000000785809000000e06125000000808795000000001e5602000000785809000000e06125000000808795000000001e5602000000785809000000e06125000000808795000000001e5602000000785809000000e06125000000808795000000001e5602000000785809000000e06125000000808795000000001e5602000000785809000000e06125000000808795000000001e5602000000785809000000e06125000000808795000000001e5602000000785809000000e06125000000808795000000001e5602000000785809000000e06125000000808795000000001e5602000000785809000000e06125000000808795000000001e5602000000785809000000e06125000000808795000000001e5602000000785809000000e06125000000808795000000001e5602000000785809000000e06125000000808795000000001e5602000000785809000000e06125000000808795000000001e5602000000785809000000e06125000000808795000000001e5602000000785809000000e06125000000808795000000001e5602000000785809000000e06125000000808795000000001e5602000000785809000000e06125000000808795000000001e5602000000785809000000e06125000000808795000000001e5602000000785809000000e06125000000808795000000001e5602000000785809000000e06125000000808795000000001e5602000000785809000000e06125000000808795000000001e5602000000785809000000e06125000000808795000000001e5602000000785809000000e06125000000808795000000001e5602000000785809000000e06125000000808795000000001e5602000000785809000000e06125000000808795000000001e5602000000785809000000e06125000000808795000000001e5602000000785809000000e06125000000808795000000001e5602000000785809000000e06125000000808795000000001e5602000000785809000000e011d1af66f8cf8302250000000049454e44ae426082, '0');
COMMIT;

-- ----------------------------
--  Table structure for `ACT_GE_PROPERTY`
-- ----------------------------
DROP TABLE IF EXISTS `ACT_GE_PROPERTY`;
CREATE TABLE `ACT_GE_PROPERTY` (
  `NAME_` varchar(64) COLLATE utf8_bin NOT NULL,
  `VALUE_` varchar(300) COLLATE utf8_bin DEFAULT NULL,
  `REV_` int(11) DEFAULT NULL,
  PRIMARY KEY (`NAME_`)
) ENGINE=InnoDB DEFAULT CHARSET=utf8 COLLATE=utf8_bin;

-- ----------------------------
--  Records of `ACT_GE_PROPERTY`
-- ----------------------------
BEGIN;
INSERT INTO `ACT_GE_PROPERTY` VALUES ('next.dbid', '32501', '14'), ('schema.history', 'create(5.22.0.0)', '1'), ('schema.version', '5.22.0.0', '1');
COMMIT;

-- ----------------------------
--  Table structure for `ACT_HI_ACTINST`
-- ----------------------------
DROP TABLE IF EXISTS `ACT_HI_ACTINST`;
CREATE TABLE `ACT_HI_ACTINST` (
  `ID_` varchar(64) COLLATE utf8_bin NOT NULL,
  `PROC_DEF_ID_` varchar(64) COLLATE utf8_bin NOT NULL,
  `PROC_INST_ID_` varchar(64) COLLATE utf8_bin NOT NULL,
  `EXECUTION_ID_` varchar(64) COLLATE utf8_bin NOT NULL,
  `ACT_ID_` varchar(255) COLLATE utf8_bin NOT NULL,
  `TASK_ID_` varchar(64) COLLATE utf8_bin DEFAULT NULL,
  `CALL_PROC_INST_ID_` varchar(64) COLLATE utf8_bin DEFAULT NULL,
  `ACT_NAME_` varchar(255) COLLATE utf8_bin DEFAULT NULL,
  `ACT_TYPE_` varchar(255) COLLATE utf8_bin NOT NULL,
  `ASSIGNEE_` varchar(255) COLLATE utf8_bin DEFAULT NULL,
  `START_TIME_` datetime(3) NOT NULL,
  `END_TIME_` datetime(3) DEFAULT NULL,
  `DURATION_` bigint(20) DEFAULT NULL,
  `TENANT_ID_` varchar(255) COLLATE utf8_bin DEFAULT '',
  PRIMARY KEY (`ID_`),
  KEY `ACT_IDX_HI_ACT_INST_START` (`START_TIME_`),
  KEY `ACT_IDX_HI_ACT_INST_END` (`END_TIME_`),
  KEY `ACT_IDX_HI_ACT_INST_PROCINST` (`PROC_INST_ID_`,`ACT_ID_`),
  KEY `ACT_IDX_HI_ACT_INST_EXEC` (`EXECUTION_ID_`,`ACT_ID_`)
) ENGINE=InnoDB DEFAULT CHARSET=utf8 COLLATE=utf8_bin;

-- ----------------------------
--  Records of `ACT_HI_ACTINST`
-- ----------------------------
BEGIN;
INSERT INTO `ACT_HI_ACTINST` VALUES ('10002', 'transfer:1:7504', '10001', '10001', 'startevent1', null, null, 'Start', 'startEvent', null, '2017-01-21 23:27:19.000', '2017-01-21 23:27:19.000', '44', ''), ('10006', 'transfer:1:7504', '10001', '10001', 'checkWorkOrderManage', '10007', null, '审核工作单', 'userTask', '402881e559c42cbc0159c42e8b920000', '2017-01-21 23:27:19.000', '2017-01-22 15:28:47.000', '57688741', ''), ('20002', 'transfer:1:7504', '10001', '10001', 'checkYesOrNo', null, null, 'Exclusive Gateway', 'exclusiveGateway', null, '2017-01-22 15:28:47.000', '2017-01-22 15:28:47.000', '28', ''), ('20003', 'transfer:1:7504', '10001', '10001', 'outStore', '20004', null, '货物出库', 'userTask', '402881e559c516a10159c51e95a20001', '2017-01-22 15:28:47.000', '2017-01-22 15:47:56.000', '1149594', ''), ('25001', 'transfer:1:7504', '10001', '10001', 'transferGoods', '25002', null, '货物配送', 'userTask', '402881e559c516a10159c51e95a20001', '2017-01-22 15:47:56.000', '2017-01-22 15:49:32.000', '96940', ''), ('27501', 'transfer:1:7504', '10001', '10001', 'receive', '27502', null, '配送签收', 'userTask', '402881e559c516a10159c51e95a20001', '2017-01-22 15:49:32.000', '2017-01-22 15:49:55.000', '23189', ''), ('27504', 'transfer:1:7504', '10001', '10001', 'endevent1', null, null, 'End', 'endEvent', null, '2017-01-22 15:49:55.000', '2017-01-22 15:49:55.000', '1', '');
COMMIT;

-- ----------------------------
--  Table structure for `ACT_HI_ATTACHMENT`
-- ----------------------------
DROP TABLE IF EXISTS `ACT_HI_ATTACHMENT`;
CREATE TABLE `ACT_HI_ATTACHMENT` (
  `ID_` varchar(64) COLLATE utf8_bin NOT NULL,
  `REV_` int(11) DEFAULT NULL,
  `USER_ID_` varchar(255) COLLATE utf8_bin DEFAULT NULL,
  `NAME_` varchar(255) COLLATE utf8_bin DEFAULT NULL,
  `DESCRIPTION_` varchar(4000) COLLATE utf8_bin DEFAULT NULL,
  `TYPE_` varchar(255) COLLATE utf8_bin DEFAULT NULL,
  `TASK_ID_` varchar(64) COLLATE utf8_bin DEFAULT NULL,
  `PROC_INST_ID_` varchar(64) COLLATE utf8_bin DEFAULT NULL,
  `URL_` varchar(4000) COLLATE utf8_bin DEFAULT NULL,
  `CONTENT_ID_` varchar(64) COLLATE utf8_bin DEFAULT NULL,
  `TIME_` datetime(3) DEFAULT NULL,
  PRIMARY KEY (`ID_`)
) ENGINE=InnoDB DEFAULT CHARSET=utf8 COLLATE=utf8_bin;

-- ----------------------------
--  Table structure for `ACT_HI_COMMENT`
-- ----------------------------
DROP TABLE IF EXISTS `ACT_HI_COMMENT`;
CREATE TABLE `ACT_HI_COMMENT` (
  `ID_` varchar(64) COLLATE utf8_bin NOT NULL,
  `TYPE_` varchar(255) COLLATE utf8_bin DEFAULT NULL,
  `TIME_` datetime(3) NOT NULL,
  `USER_ID_` varchar(255) COLLATE utf8_bin DEFAULT NULL,
  `TASK_ID_` varchar(64) COLLATE utf8_bin DEFAULT NULL,
  `PROC_INST_ID_` varchar(64) COLLATE utf8_bin DEFAULT NULL,
  `ACTION_` varchar(255) COLLATE utf8_bin DEFAULT NULL,
  `MESSAGE_` varchar(4000) COLLATE utf8_bin DEFAULT NULL,
  `FULL_MSG_` longblob,
  PRIMARY KEY (`ID_`)
) ENGINE=InnoDB DEFAULT CHARSET=utf8 COLLATE=utf8_bin;

-- ----------------------------
--  Table structure for `ACT_HI_DETAIL`
-- ----------------------------
DROP TABLE IF EXISTS `ACT_HI_DETAIL`;
CREATE TABLE `ACT_HI_DETAIL` (
  `ID_` varchar(64) COLLATE utf8_bin NOT NULL,
  `TYPE_` varchar(255) COLLATE utf8_bin NOT NULL,
  `PROC_INST_ID_` varchar(64) COLLATE utf8_bin DEFAULT NULL,
  `EXECUTION_ID_` varchar(64) COLLATE utf8_bin DEFAULT NULL,
  `TASK_ID_` varchar(64) COLLATE utf8_bin DEFAULT NULL,
  `ACT_INST_ID_` varchar(64) COLLATE utf8_bin DEFAULT NULL,
  `NAME_` varchar(255) COLLATE utf8_bin NOT NULL,
  `VAR_TYPE_` varchar(255) COLLATE utf8_bin DEFAULT NULL,
  `REV_` int(11) DEFAULT NULL,
  `TIME_` datetime(3) NOT NULL,
  `BYTEARRAY_ID_` varchar(64) COLLATE utf8_bin DEFAULT NULL,
  `DOUBLE_` double DEFAULT NULL,
  `LONG_` bigint(20) DEFAULT NULL,
  `TEXT_` varchar(4000) COLLATE utf8_bin DEFAULT NULL,
  `TEXT2_` varchar(4000) COLLATE utf8_bin DEFAULT NULL,
  PRIMARY KEY (`ID_`),
  KEY `ACT_IDX_HI_DETAIL_PROC_INST` (`PROC_INST_ID_`),
  KEY `ACT_IDX_HI_DETAIL_ACT_INST` (`ACT_INST_ID_`),
  KEY `ACT_IDX_HI_DETAIL_TIME` (`TIME_`),
  KEY `ACT_IDX_HI_DETAIL_NAME` (`NAME_`),
  KEY `ACT_IDX_HI_DETAIL_TASK_ID` (`TASK_ID_`)
) ENGINE=InnoDB DEFAULT CHARSET=utf8 COLLATE=utf8_bin;

-- ----------------------------
--  Table structure for `ACT_HI_IDENTITYLINK`
-- ----------------------------
DROP TABLE IF EXISTS `ACT_HI_IDENTITYLINK`;
CREATE TABLE `ACT_HI_IDENTITYLINK` (
  `ID_` varchar(64) COLLATE utf8_bin NOT NULL,
  `GROUP_ID_` varchar(255) COLLATE utf8_bin DEFAULT NULL,
  `TYPE_` varchar(255) COLLATE utf8_bin DEFAULT NULL,
  `USER_ID_` varchar(255) COLLATE utf8_bin DEFAULT NULL,
  `TASK_ID_` varchar(64) COLLATE utf8_bin DEFAULT NULL,
  `PROC_INST_ID_` varchar(64) COLLATE utf8_bin DEFAULT NULL,
  PRIMARY KEY (`ID_`),
  KEY `ACT_IDX_HI_IDENT_LNK_USER` (`USER_ID_`),
  KEY `ACT_IDX_HI_IDENT_LNK_TASK` (`TASK_ID_`),
  KEY `ACT_IDX_HI_IDENT_LNK_PROCINST` (`PROC_INST_ID_`)
) ENGINE=InnoDB DEFAULT CHARSET=utf8 COLLATE=utf8_bin;

-- ----------------------------
--  Records of `ACT_HI_IDENTITYLINK`
-- ----------------------------
BEGIN;
INSERT INTO `ACT_HI_IDENTITYLINK` VALUES ('10008', '业务员', 'candidate', null, '10007', null), ('17501', null, 'participant', '402881e559c42cbc0159c42e8b920000', null, '10001'), ('20005', '仓库管理员', 'candidate', null, '20004', null), ('22506', null, 'participant', '402881e559c516a10159c51e95a20001', null, '10001'), ('25003', '取派员', 'candidate', null, '25002', null), ('27503', '取派员', 'candidate', null, '27502', null);
COMMIT;

-- ----------------------------
--  Table structure for `ACT_HI_PROCINST`
-- ----------------------------
DROP TABLE IF EXISTS `ACT_HI_PROCINST`;
CREATE TABLE `ACT_HI_PROCINST` (
  `ID_` varchar(64) COLLATE utf8_bin NOT NULL,
  `PROC_INST_ID_` varchar(64) COLLATE utf8_bin NOT NULL,
  `BUSINESS_KEY_` varchar(255) COLLATE utf8_bin DEFAULT NULL,
  `PROC_DEF_ID_` varchar(64) COLLATE utf8_bin NOT NULL,
  `START_TIME_` datetime(3) NOT NULL,
  `END_TIME_` datetime(3) DEFAULT NULL,
  `DURATION_` bigint(20) DEFAULT NULL,
  `START_USER_ID_` varchar(255) COLLATE utf8_bin DEFAULT NULL,
  `START_ACT_ID_` varchar(255) COLLATE utf8_bin DEFAULT NULL,
  `END_ACT_ID_` varchar(255) COLLATE utf8_bin DEFAULT NULL,
  `SUPER_PROCESS_INSTANCE_ID_` varchar(64) COLLATE utf8_bin DEFAULT NULL,
  `DELETE_REASON_` varchar(4000) COLLATE utf8_bin DEFAULT NULL,
  `TENANT_ID_` varchar(255) COLLATE utf8_bin DEFAULT '',
  `NAME_` varchar(255) COLLATE utf8_bin DEFAULT NULL,
  PRIMARY KEY (`ID_`),
  UNIQUE KEY `PROC_INST_ID_` (`PROC_INST_ID_`),
  KEY `ACT_IDX_HI_PRO_INST_END` (`END_TIME_`),
  KEY `ACT_IDX_HI_PRO_I_BUSKEY` (`BUSINESS_KEY_`)
) ENGINE=InnoDB DEFAULT CHARSET=utf8 COLLATE=utf8_bin;

-- ----------------------------
--  Records of `ACT_HI_PROCINST`
-- ----------------------------
BEGIN;
INSERT INTO `ACT_HI_PROCINST` VALUES ('10001', '10001', '1001', 'transfer:1:7504', '2017-01-21 23:27:19.000', '2017-01-22 15:49:55.000', '58956200', null, 'startevent1', 'endevent1', null, null, '', null);
COMMIT;

-- ----------------------------
--  Table structure for `ACT_HI_TASKINST`
-- ----------------------------
DROP TABLE IF EXISTS `ACT_HI_TASKINST`;
CREATE TABLE `ACT_HI_TASKINST` (
  `ID_` varchar(64) COLLATE utf8_bin NOT NULL,
  `PROC_DEF_ID_` varchar(64) COLLATE utf8_bin DEFAULT NULL,
  `TASK_DEF_KEY_` varchar(255) COLLATE utf8_bin DEFAULT NULL,
  `PROC_INST_ID_` varchar(64) COLLATE utf8_bin DEFAULT NULL,
  `EXECUTION_ID_` varchar(64) COLLATE utf8_bin DEFAULT NULL,
  `NAME_` varchar(255) COLLATE utf8_bin DEFAULT NULL,
  `PARENT_TASK_ID_` varchar(64) COLLATE utf8_bin DEFAULT NULL,
  `DESCRIPTION_` varchar(4000) COLLATE utf8_bin DEFAULT NULL,
  `OWNER_` varchar(255) COLLATE utf8_bin DEFAULT NULL,
  `ASSIGNEE_` varchar(255) COLLATE utf8_bin DEFAULT NULL,
  `START_TIME_` datetime(3) NOT NULL,
  `CLAIM_TIME_` datetime(3) DEFAULT NULL,
  `END_TIME_` datetime(3) DEFAULT NULL,
  `DURATION_` bigint(20) DEFAULT NULL,
  `DELETE_REASON_` varchar(4000) COLLATE utf8_bin DEFAULT NULL,
  `PRIORITY_` int(11) DEFAULT NULL,
  `DUE_DATE_` datetime(3) DEFAULT NULL,
  `FORM_KEY_` varchar(255) COLLATE utf8_bin DEFAULT NULL,
  `CATEGORY_` varchar(255) COLLATE utf8_bin DEFAULT NULL,
  `TENANT_ID_` varchar(255) COLLATE utf8_bin DEFAULT '',
  PRIMARY KEY (`ID_`),
  KEY `ACT_IDX_HI_TASK_INST_PROCINST` (`PROC_INST_ID_`)
) ENGINE=InnoDB DEFAULT CHARSET=utf8 COLLATE=utf8_bin;

-- ----------------------------
--  Records of `ACT_HI_TASKINST`
-- ----------------------------
BEGIN;
INSERT INTO `ACT_HI_TASKINST` VALUES ('10007', 'transfer:1:7504', 'checkWorkOrderManage', '10001', '10001', '审核工作单', null, null, null, '402881e559c42cbc0159c42e8b920000', '2017-01-21 23:27:19.000', '2017-01-22 13:52:33.000', '2017-01-22 15:28:47.000', '57688701', 'completed', '50', null, null, null, ''), ('20004', 'transfer:1:7504', 'outStore', '10001', '10001', '货物出库', null, null, null, '402881e559c516a10159c51e95a20001', '2017-01-22 15:28:47.000', '2017-01-22 15:41:39.000', '2017-01-22 15:47:56.000', '1149513', 'completed', '50', null, null, null, ''), ('25002', 'transfer:1:7504', 'transferGoods', '10001', '10001', '货物配送', null, null, null, '402881e559c516a10159c51e95a20001', '2017-01-22 15:47:56.000', '2017-01-22 15:49:18.000', '2017-01-22 15:49:32.000', '96898', 'completed', '50', null, null, null, ''), ('27502', 'transfer:1:7504', 'receive', '10001', '10001', '配送签收', null, null, null, '402881e559c516a10159c51e95a20001', '2017-01-22 15:49:32.000', '2017-01-22 15:49:39.000', '2017-01-22 15:49:55.000', '23176', 'completed', '50', null, null, null, '');
COMMIT;

-- ----------------------------
--  Table structure for `ACT_HI_VARINST`
-- ----------------------------
DROP TABLE IF EXISTS `ACT_HI_VARINST`;
CREATE TABLE `ACT_HI_VARINST` (
  `ID_` varchar(64) COLLATE utf8_bin NOT NULL,
  `PROC_INST_ID_` varchar(64) COLLATE utf8_bin DEFAULT NULL,
  `EXECUTION_ID_` varchar(64) COLLATE utf8_bin DEFAULT NULL,
  `TASK_ID_` varchar(64) COLLATE utf8_bin DEFAULT NULL,
  `NAME_` varchar(255) COLLATE utf8_bin NOT NULL,
  `VAR_TYPE_` varchar(100) COLLATE utf8_bin DEFAULT NULL,
  `REV_` int(11) DEFAULT NULL,
  `BYTEARRAY_ID_` varchar(64) COLLATE utf8_bin DEFAULT NULL,
  `DOUBLE_` double DEFAULT NULL,
  `LONG_` bigint(20) DEFAULT NULL,
  `TEXT_` varchar(4000) COLLATE utf8_bin DEFAULT NULL,
  `TEXT2_` varchar(4000) COLLATE utf8_bin DEFAULT NULL,
  `CREATE_TIME_` datetime(3) DEFAULT NULL,
  `LAST_UPDATED_TIME_` datetime(3) DEFAULT NULL,
  PRIMARY KEY (`ID_`),
  KEY `ACT_IDX_HI_PROCVAR_PROC_INST` (`PROC_INST_ID_`),
  KEY `ACT_IDX_HI_PROCVAR_NAME_TYPE` (`NAME_`,`VAR_TYPE_`),
  KEY `ACT_IDX_HI_PROCVAR_TASK_ID` (`TASK_ID_`)
) ENGINE=InnoDB DEFAULT CHARSET=utf8 COLLATE=utf8_bin;

-- ----------------------------
--  Records of `ACT_HI_VARINST`
-- ----------------------------
BEGIN;
INSERT INTO `ACT_HI_VARINST` VALUES ('10004', '10001', '10001', null, '业务数据', 'serializable', '1', '10005', null, null, null, null, '2017-01-21 23:27:19.000', '2017-01-22 15:49:55.000'), ('20001', '10001', '10001', null, 'check', 'integer', '1', null, null, '1', '1', null, '2017-01-22 15:28:47.000', '2017-01-22 15:49:55.000');
COMMIT;

-- ----------------------------
--  Table structure for `ACT_ID_GROUP`
-- ----------------------------
DROP TABLE IF EXISTS `ACT_ID_GROUP`;
CREATE TABLE `ACT_ID_GROUP` (
  `ID_` varchar(64) COLLATE utf8_bin NOT NULL,
  `REV_` int(11) DEFAULT NULL,
  `NAME_` varchar(255) COLLATE utf8_bin DEFAULT NULL,
  `TYPE_` varchar(255) COLLATE utf8_bin DEFAULT NULL,
  PRIMARY KEY (`ID_`)
) ENGINE=InnoDB DEFAULT CHARSET=utf8 COLLATE=utf8_bin;

-- ----------------------------
--  Records of `ACT_ID_GROUP`
-- ----------------------------
BEGIN;
INSERT INTO `ACT_ID_GROUP` VALUES ('业务员', '1', null, null), ('仓库', '1', null, null), ('仓库管理员', '1', null, null), ('取派员', '1', null, null), ('受理', '1', null, null), ('所有', '1', null, null);
COMMIT;

-- ----------------------------
--  Table structure for `ACT_ID_INFO`
-- ----------------------------
DROP TABLE IF EXISTS `ACT_ID_INFO`;
CREATE TABLE `ACT_ID_INFO` (
  `ID_` varchar(64) COLLATE utf8_bin NOT NULL,
  `REV_` int(11) DEFAULT NULL,
  `USER_ID_` varchar(64) COLLATE utf8_bin DEFAULT NULL,
  `TYPE_` varchar(64) COLLATE utf8_bin DEFAULT NULL,
  `KEY_` varchar(255) COLLATE utf8_bin DEFAULT NULL,
  `VALUE_` varchar(255) COLLATE utf8_bin DEFAULT NULL,
  `PASSWORD_` longblob,
  `PARENT_ID_` varchar(255) COLLATE utf8_bin DEFAULT NULL,
  PRIMARY KEY (`ID_`)
) ENGINE=InnoDB DEFAULT CHARSET=utf8 COLLATE=utf8_bin;

-- ----------------------------
--  Table structure for `ACT_ID_MEMBERSHIP`
-- ----------------------------
DROP TABLE IF EXISTS `ACT_ID_MEMBERSHIP`;
CREATE TABLE `ACT_ID_MEMBERSHIP` (
  `USER_ID_` varchar(64) COLLATE utf8_bin NOT NULL,
  `GROUP_ID_` varchar(64) COLLATE utf8_bin NOT NULL,
  PRIMARY KEY (`USER_ID_`,`GROUP_ID_`),
  KEY `ACT_FK_MEMB_GROUP` (`GROUP_ID_`),
  CONSTRAINT `ACT_FK_MEMB_GROUP` FOREIGN KEY (`GROUP_ID_`) REFERENCES `ACT_ID_GROUP` (`ID_`),
  CONSTRAINT `ACT_FK_MEMB_USER` FOREIGN KEY (`USER_ID_`) REFERENCES `ACT_ID_USER` (`ID_`)
) ENGINE=InnoDB DEFAULT CHARSET=utf8 COLLATE=utf8_bin;

-- ----------------------------
--  Records of `ACT_ID_MEMBERSHIP`
-- ----------------------------
BEGIN;
INSERT INTO `ACT_ID_MEMBERSHIP` VALUES ('402881e559c40b5b0159c4237a3d0003', '业务员'), ('402881e559c42cbc0159c42e8b920000', '业务员'), ('402881e559c516a10159c51e95a20001', '业务员'), ('b55f74bf-ce3b-438c-a611-11974ec179da', '业务员'), ('402881e559c40b5b0159c4237a3d0003', '仓库'), ('402881e559c42cbc0159c42e8b920000', '仓库'), ('402881e559c516a10159c51e95a20001', '仓库'), ('b55f74bf-ce3b-438c-a611-11974ec179da', '仓库'), ('402881e559c516a10159c51e95a20001', '仓库管理员'), ('b55f74bf-ce3b-438c-a611-11974ec179da', '仓库管理员'), ('402881e559c40b5b0159c4237a3d0003', '取派员'), ('402881e559c42cbc0159c42e8b920000', '取派员'), ('402881e559c516a10159c51e95a20001', '取派员'), ('b55f74bf-ce3b-438c-a611-11974ec179da', '取派员'), ('402881e459c123ee0159c1251da90000', '受理'), ('402881e559c40b5b0159c4237a3d0003', '受理'), ('402881e559c42cbc0159c42e8b920000', '受理'), ('402881e559c516a10159c51e95a20001', '受理'), ('b55f74bf-ce3b-438c-a611-11974ec179da', '受理');
COMMIT;

-- ----------------------------
--  Table structure for `ACT_ID_USER`
-- ----------------------------
DROP TABLE IF EXISTS `ACT_ID_USER`;
CREATE TABLE `ACT_ID_USER` (
  `ID_` varchar(64) COLLATE utf8_bin NOT NULL,
  `REV_` int(11) DEFAULT NULL,
  `FIRST_` varchar(255) COLLATE utf8_bin DEFAULT NULL,
  `LAST_` varchar(255) COLLATE utf8_bin DEFAULT NULL,
  `EMAIL_` varchar(255) COLLATE utf8_bin DEFAULT NULL,
  `PWD_` varchar(255) COLLATE utf8_bin DEFAULT NULL,
  `PICTURE_ID_` varchar(64) COLLATE utf8_bin DEFAULT NULL,
  PRIMARY KEY (`ID_`)
) ENGINE=InnoDB DEFAULT CHARSET=utf8 COLLATE=utf8_bin;

-- ----------------------------
--  Records of `ACT_ID_USER`
-- ----------------------------
BEGIN;
INSERT INTO `ACT_ID_USER` VALUES ('402881e459c123ee0159c1251da90000', '1', null, null, null, null, null), ('402881e559c40b5b0159c4237a3d0003', '1', null, null, null, null, null), ('402881e559c42cbc0159c42e8b920000', '1', null, null, null, null, null), ('402881e559c516a10159c51e95a20001', '1', null, null, null, null, null), ('b55f74bf-ce3b-438c-a611-11974ec179da', '1', null, null, null, null, null);
COMMIT;

-- ----------------------------
--  Table structure for `ACT_PROCDEF_INFO`
-- ----------------------------
DROP TABLE IF EXISTS `ACT_PROCDEF_INFO`;
CREATE TABLE `ACT_PROCDEF_INFO` (
  `ID_` varchar(64) COLLATE utf8_bin NOT NULL,
  `PROC_DEF_ID_` varchar(64) COLLATE utf8_bin NOT NULL,
  `REV_` int(11) DEFAULT NULL,
  `INFO_JSON_ID_` varchar(64) COLLATE utf8_bin DEFAULT NULL,
  PRIMARY KEY (`ID_`),
  UNIQUE KEY `ACT_UNIQ_INFO_PROCDEF` (`PROC_DEF_ID_`),
  KEY `ACT_IDX_INFO_PROCDEF` (`PROC_DEF_ID_`),
  KEY `ACT_FK_INFO_JSON_BA` (`INFO_JSON_ID_`),
  CONSTRAINT `ACT_FK_INFO_JSON_BA` FOREIGN KEY (`INFO_JSON_ID_`) REFERENCES `ACT_GE_BYTEARRAY` (`ID_`),
  CONSTRAINT `ACT_FK_INFO_PROCDEF` FOREIGN KEY (`PROC_DEF_ID_`) REFERENCES `ACT_RE_PROCDEF` (`ID_`)
) ENGINE=InnoDB DEFAULT CHARSET=utf8 COLLATE=utf8_bin;

-- ----------------------------
--  Table structure for `ACT_RE_DEPLOYMENT`
-- ----------------------------
DROP TABLE IF EXISTS `ACT_RE_DEPLOYMENT`;
CREATE TABLE `ACT_RE_DEPLOYMENT` (
  `ID_` varchar(64) COLLATE utf8_bin NOT NULL,
  `NAME_` varchar(255) COLLATE utf8_bin DEFAULT NULL,
  `CATEGORY_` varchar(255) COLLATE utf8_bin DEFAULT NULL,
  `TENANT_ID_` varchar(255) COLLATE utf8_bin DEFAULT '',
  `DEPLOY_TIME_` timestamp(3) NULL DEFAULT NULL,
  PRIMARY KEY (`ID_`)
) ENGINE=InnoDB DEFAULT CHARSET=utf8 COLLATE=utf8_bin;

-- ----------------------------
--  Records of `ACT_RE_DEPLOYMENT`
-- ----------------------------
BEGIN;
INSERT INTO `ACT_RE_DEPLOYMENT` VALUES ('7501', null, null, '', '2017-01-21 23:04:20.000');
COMMIT;

-- ----------------------------
--  Table structure for `ACT_RE_MODEL`
-- ----------------------------
DROP TABLE IF EXISTS `ACT_RE_MODEL`;
CREATE TABLE `ACT_RE_MODEL` (
  `ID_` varchar(64) COLLATE utf8_bin NOT NULL,
  `REV_` int(11) DEFAULT NULL,
  `NAME_` varchar(255) COLLATE utf8_bin DEFAULT NULL,
  `KEY_` varchar(255) COLLATE utf8_bin DEFAULT NULL,
  `CATEGORY_` varchar(255) COLLATE utf8_bin DEFAULT NULL,
  `CREATE_TIME_` timestamp(3) NULL DEFAULT NULL,
  `LAST_UPDATE_TIME_` timestamp(3) NULL DEFAULT NULL,
  `VERSION_` int(11) DEFAULT NULL,
  `META_INFO_` varchar(4000) COLLATE utf8_bin DEFAULT NULL,
  `DEPLOYMENT_ID_` varchar(64) COLLATE utf8_bin DEFAULT NULL,
  `EDITOR_SOURCE_VALUE_ID_` varchar(64) COLLATE utf8_bin DEFAULT NULL,
  `EDITOR_SOURCE_EXTRA_VALUE_ID_` varchar(64) COLLATE utf8_bin DEFAULT NULL,
  `TENANT_ID_` varchar(255) COLLATE utf8_bin DEFAULT '',
  PRIMARY KEY (`ID_`),
  KEY `ACT_FK_MODEL_SOURCE` (`EDITOR_SOURCE_VALUE_ID_`),
  KEY `ACT_FK_MODEL_SOURCE_EXTRA` (`EDITOR_SOURCE_EXTRA_VALUE_ID_`),
  KEY `ACT_FK_MODEL_DEPLOYMENT` (`DEPLOYMENT_ID_`),
  CONSTRAINT `ACT_FK_MODEL_DEPLOYMENT` FOREIGN KEY (`DEPLOYMENT_ID_`) REFERENCES `ACT_RE_DEPLOYMENT` (`ID_`),
  CONSTRAINT `ACT_FK_MODEL_SOURCE` FOREIGN KEY (`EDITOR_SOURCE_VALUE_ID_`) REFERENCES `ACT_GE_BYTEARRAY` (`ID_`),
  CONSTRAINT `ACT_FK_MODEL_SOURCE_EXTRA` FOREIGN KEY (`EDITOR_SOURCE_EXTRA_VALUE_ID_`) REFERENCES `ACT_GE_BYTEARRAY` (`ID_`)
) ENGINE=InnoDB DEFAULT CHARSET=utf8 COLLATE=utf8_bin;

-- ----------------------------
--  Table structure for `ACT_RE_PROCDEF`
-- ----------------------------
DROP TABLE IF EXISTS `ACT_RE_PROCDEF`;
CREATE TABLE `ACT_RE_PROCDEF` (
  `ID_` varchar(64) COLLATE utf8_bin NOT NULL,
  `REV_` int(11) DEFAULT NULL,
  `CATEGORY_` varchar(255) COLLATE utf8_bin DEFAULT NULL,
  `NAME_` varchar(255) COLLATE utf8_bin DEFAULT NULL,
  `KEY_` varchar(255) COLLATE utf8_bin NOT NULL,
  `VERSION_` int(11) NOT NULL,
  `DEPLOYMENT_ID_` varchar(64) COLLATE utf8_bin DEFAULT NULL,
  `RESOURCE_NAME_` varchar(4000) COLLATE utf8_bin DEFAULT NULL,
  `DGRM_RESOURCE_NAME_` varchar(4000) COLLATE utf8_bin DEFAULT NULL,
  `DESCRIPTION_` varchar(4000) COLLATE utf8_bin DEFAULT NULL,
  `HAS_START_FORM_KEY_` tinyint(4) DEFAULT NULL,
  `HAS_GRAPHICAL_NOTATION_` tinyint(4) DEFAULT NULL,
  `SUSPENSION_STATE_` int(11) DEFAULT NULL,
  `TENANT_ID_` varchar(255) COLLATE utf8_bin DEFAULT '',
  PRIMARY KEY (`ID_`),
  UNIQUE KEY `ACT_UNIQ_PROCDEF` (`KEY_`,`VERSION_`,`TENANT_ID_`)
) ENGINE=InnoDB DEFAULT CHARSET=utf8 COLLATE=utf8_bin;

-- ----------------------------
--  Records of `ACT_RE_PROCDEF`
-- ----------------------------
BEGIN;
INSERT INTO `ACT_RE_PROCDEF` VALUES ('transfer:1:7504', '1', 'http://www.activiti.org/test', '物流配送流程', 'transfer', '1', '7501', 'transfer2.bpmn', 'transfer2.png', null, '0', '1', '1', '');
COMMIT;

-- ----------------------------
--  Table structure for `ACT_RU_EVENT_SUBSCR`
-- ----------------------------
DROP TABLE IF EXISTS `ACT_RU_EVENT_SUBSCR`;
CREATE TABLE `ACT_RU_EVENT_SUBSCR` (
  `ID_` varchar(64) COLLATE utf8_bin NOT NULL,
  `REV_` int(11) DEFAULT NULL,
  `EVENT_TYPE_` varchar(255) COLLATE utf8_bin NOT NULL,
  `EVENT_NAME_` varchar(255) COLLATE utf8_bin DEFAULT NULL,
  `EXECUTION_ID_` varchar(64) COLLATE utf8_bin DEFAULT NULL,
  `PROC_INST_ID_` varchar(64) COLLATE utf8_bin DEFAULT NULL,
  `ACTIVITY_ID_` varchar(64) COLLATE utf8_bin DEFAULT NULL,
  `CONFIGURATION_` varchar(255) COLLATE utf8_bin DEFAULT NULL,
  `CREATED_` timestamp(3) NOT NULL DEFAULT CURRENT_TIMESTAMP(3),
  `PROC_DEF_ID_` varchar(64) COLLATE utf8_bin DEFAULT NULL,
  `TENANT_ID_` varchar(255) COLLATE utf8_bin DEFAULT '',
  PRIMARY KEY (`ID_`),
  KEY `ACT_IDX_EVENT_SUBSCR_CONFIG_` (`CONFIGURATION_`),
  KEY `ACT_FK_EVENT_EXEC` (`EXECUTION_ID_`),
  CONSTRAINT `ACT_FK_EVENT_EXEC` FOREIGN KEY (`EXECUTION_ID_`) REFERENCES `ACT_RU_EXECUTION` (`ID_`)
) ENGINE=InnoDB DEFAULT CHARSET=utf8 COLLATE=utf8_bin;

-- ----------------------------
--  Table structure for `ACT_RU_EXECUTION`
-- ----------------------------
DROP TABLE IF EXISTS `ACT_RU_EXECUTION`;
CREATE TABLE `ACT_RU_EXECUTION` (
  `ID_` varchar(64) COLLATE utf8_bin NOT NULL,
  `REV_` int(11) DEFAULT NULL,
  `PROC_INST_ID_` varchar(64) COLLATE utf8_bin DEFAULT NULL,
  `BUSINESS_KEY_` varchar(255) COLLATE utf8_bin DEFAULT NULL,
  `PARENT_ID_` varchar(64) COLLATE utf8_bin DEFAULT NULL,
  `PROC_DEF_ID_` varchar(64) COLLATE utf8_bin DEFAULT NULL,
  `SUPER_EXEC_` varchar(64) COLLATE utf8_bin DEFAULT NULL,
  `ACT_ID_` varchar(255) COLLATE utf8_bin DEFAULT NULL,
  `IS_ACTIVE_` tinyint(4) DEFAULT NULL,
  `IS_CONCURRENT_` tinyint(4) DEFAULT NULL,
  `IS_SCOPE_` tinyint(4) DEFAULT NULL,
  `IS_EVENT_SCOPE_` tinyint(4) DEFAULT NULL,
  `SUSPENSION_STATE_` int(11) DEFAULT NULL,
  `CACHED_ENT_STATE_` int(11) DEFAULT NULL,
  `TENANT_ID_` varchar(255) COLLATE utf8_bin DEFAULT '',
  `NAME_` varchar(255) COLLATE utf8_bin DEFAULT NULL,
  `LOCK_TIME_` timestamp(3) NULL DEFAULT NULL,
  PRIMARY KEY (`ID_`),
  KEY `ACT_IDX_EXEC_BUSKEY` (`BUSINESS_KEY_`),
  KEY `ACT_FK_EXE_PROCINST` (`PROC_INST_ID_`),
  KEY `ACT_FK_EXE_PARENT` (`PARENT_ID_`),
  KEY `ACT_FK_EXE_SUPER` (`SUPER_EXEC_`),
  KEY `ACT_FK_EXE_PROCDEF` (`PROC_DEF_ID_`),
  CONSTRAINT `ACT_FK_EXE_PARENT` FOREIGN KEY (`PARENT_ID_`) REFERENCES `ACT_RU_EXECUTION` (`ID_`),
  CONSTRAINT `ACT_FK_EXE_PROCDEF` FOREIGN KEY (`PROC_DEF_ID_`) REFERENCES `ACT_RE_PROCDEF` (`ID_`),
  CONSTRAINT `ACT_FK_EXE_PROCINST` FOREIGN KEY (`PROC_INST_ID_`) REFERENCES `ACT_RU_EXECUTION` (`ID_`) ON DELETE CASCADE ON UPDATE CASCADE,
  CONSTRAINT `ACT_FK_EXE_SUPER` FOREIGN KEY (`SUPER_EXEC_`) REFERENCES `ACT_RU_EXECUTION` (`ID_`)
) ENGINE=InnoDB DEFAULT CHARSET=utf8 COLLATE=utf8_bin;

-- ----------------------------
--  Table structure for `ACT_RU_IDENTITYLINK`
-- ----------------------------
DROP TABLE IF EXISTS `ACT_RU_IDENTITYLINK`;
CREATE TABLE `ACT_RU_IDENTITYLINK` (
  `ID_` varchar(64) COLLATE utf8_bin NOT NULL,
  `REV_` int(11) DEFAULT NULL,
  `GROUP_ID_` varchar(255) COLLATE utf8_bin DEFAULT NULL,
  `TYPE_` varchar(255) COLLATE utf8_bin DEFAULT NULL,
  `USER_ID_` varchar(255) COLLATE utf8_bin DEFAULT NULL,
  `TASK_ID_` varchar(64) COLLATE utf8_bin DEFAULT NULL,
  `PROC_INST_ID_` varchar(64) COLLATE utf8_bin DEFAULT NULL,
  `PROC_DEF_ID_` varchar(64) COLLATE utf8_bin DEFAULT NULL,
  PRIMARY KEY (`ID_`),
  KEY `ACT_IDX_IDENT_LNK_USER` (`USER_ID_`),
  KEY `ACT_IDX_IDENT_LNK_GROUP` (`GROUP_ID_`),
  KEY `ACT_IDX_ATHRZ_PROCEDEF` (`PROC_DEF_ID_`),
  KEY `ACT_FK_TSKASS_TASK` (`TASK_ID_`),
  KEY `ACT_FK_IDL_PROCINST` (`PROC_INST_ID_`),
  CONSTRAINT `ACT_FK_ATHRZ_PROCEDEF` FOREIGN KEY (`PROC_DEF_ID_`) REFERENCES `ACT_RE_PROCDEF` (`ID_`),
  CONSTRAINT `ACT_FK_IDL_PROCINST` FOREIGN KEY (`PROC_INST_ID_`) REFERENCES `ACT_RU_EXECUTION` (`ID_`),
  CONSTRAINT `ACT_FK_TSKASS_TASK` FOREIGN KEY (`TASK_ID_`) REFERENCES `ACT_RU_TASK` (`ID_`)
) ENGINE=InnoDB DEFAULT CHARSET=utf8 COLLATE=utf8_bin;

-- ----------------------------
--  Table structure for `ACT_RU_JOB`
-- ----------------------------
DROP TABLE IF EXISTS `ACT_RU_JOB`;
CREATE TABLE `ACT_RU_JOB` (
  `ID_` varchar(64) COLLATE utf8_bin NOT NULL,
  `REV_` int(11) DEFAULT NULL,
  `TYPE_` varchar(255) COLLATE utf8_bin NOT NULL,
  `LOCK_EXP_TIME_` timestamp(3) NULL DEFAULT NULL,
  `LOCK_OWNER_` varchar(255) COLLATE utf8_bin DEFAULT NULL,
  `EXCLUSIVE_` tinyint(1) DEFAULT NULL,
  `EXECUTION_ID_` varchar(64) COLLATE utf8_bin DEFAULT NULL,
  `PROCESS_INSTANCE_ID_` varchar(64) COLLATE utf8_bin DEFAULT NULL,
  `PROC_DEF_ID_` varchar(64) COLLATE utf8_bin DEFAULT NULL,
  `RETRIES_` int(11) DEFAULT NULL,
  `EXCEPTION_STACK_ID_` varchar(64) COLLATE utf8_bin DEFAULT NULL,
  `EXCEPTION_MSG_` varchar(4000) COLLATE utf8_bin DEFAULT NULL,
  `DUEDATE_` timestamp(3) NULL DEFAULT NULL,
  `REPEAT_` varchar(255) COLLATE utf8_bin DEFAULT NULL,
  `HANDLER_TYPE_` varchar(255) COLLATE utf8_bin DEFAULT NULL,
  `HANDLER_CFG_` varchar(4000) COLLATE utf8_bin DEFAULT NULL,
  `TENANT_ID_` varchar(255) COLLATE utf8_bin DEFAULT '',
  PRIMARY KEY (`ID_`),
  KEY `ACT_FK_JOB_EXCEPTION` (`EXCEPTION_STACK_ID_`),
  CONSTRAINT `ACT_FK_JOB_EXCEPTION` FOREIGN KEY (`EXCEPTION_STACK_ID_`) REFERENCES `ACT_GE_BYTEARRAY` (`ID_`)
) ENGINE=InnoDB DEFAULT CHARSET=utf8 COLLATE=utf8_bin;

-- ----------------------------
--  Table structure for `ACT_RU_TASK`
-- ----------------------------
DROP TABLE IF EXISTS `ACT_RU_TASK`;
CREATE TABLE `ACT_RU_TASK` (
  `ID_` varchar(64) COLLATE utf8_bin NOT NULL,
  `REV_` int(11) DEFAULT NULL,
  `EXECUTION_ID_` varchar(64) COLLATE utf8_bin DEFAULT NULL,
  `PROC_INST_ID_` varchar(64) COLLATE utf8_bin DEFAULT NULL,
  `PROC_DEF_ID_` varchar(64) COLLATE utf8_bin DEFAULT NULL,
  `NAME_` varchar(255) COLLATE utf8_bin DEFAULT NULL,
  `PARENT_TASK_ID_` varchar(64) COLLATE utf8_bin DEFAULT NULL,
  `DESCRIPTION_` varchar(4000) COLLATE utf8_bin DEFAULT NULL,
  `TASK_DEF_KEY_` varchar(255) COLLATE utf8_bin DEFAULT NULL,
  `OWNER_` varchar(255) COLLATE utf8_bin DEFAULT NULL,
  `ASSIGNEE_` varchar(255) COLLATE utf8_bin DEFAULT NULL,
  `DELEGATION_` varchar(64) COLLATE utf8_bin DEFAULT NULL,
  `PRIORITY_` int(11) DEFAULT NULL,
  `CREATE_TIME_` timestamp(3) NULL DEFAULT NULL,
  `DUE_DATE_` datetime(3) DEFAULT NULL,
  `CATEGORY_` varchar(255) COLLATE utf8_bin DEFAULT NULL,
  `SUSPENSION_STATE_` int(11) DEFAULT NULL,
  `TENANT_ID_` varchar(255) COLLATE utf8_bin DEFAULT '',
  `FORM_KEY_` varchar(255) COLLATE utf8_bin DEFAULT NULL,
  PRIMARY KEY (`ID_`),
  KEY `ACT_IDX_TASK_CREATE` (`CREATE_TIME_`),
  KEY `ACT_FK_TASK_EXE` (`EXECUTION_ID_`),
  KEY `ACT_FK_TASK_PROCINST` (`PROC_INST_ID_`),
  KEY `ACT_FK_TASK_PROCDEF` (`PROC_DEF_ID_`),
  CONSTRAINT `ACT_FK_TASK_EXE` FOREIGN KEY (`EXECUTION_ID_`) REFERENCES `ACT_RU_EXECUTION` (`ID_`),
  CONSTRAINT `ACT_FK_TASK_PROCDEF` FOREIGN KEY (`PROC_DEF_ID_`) REFERENCES `ACT_RE_PROCDEF` (`ID_`),
  CONSTRAINT `ACT_FK_TASK_PROCINST` FOREIGN KEY (`PROC_INST_ID_`) REFERENCES `ACT_RU_EXECUTION` (`ID_`)
) ENGINE=InnoDB DEFAULT CHARSET=utf8 COLLATE=utf8_bin;

-- ----------------------------
--  Table structure for `ACT_RU_VARIABLE`
-- ----------------------------
DROP TABLE IF EXISTS `ACT_RU_VARIABLE`;
CREATE TABLE `ACT_RU_VARIABLE` (
  `ID_` varchar(64) COLLATE utf8_bin NOT NULL,
  `REV_` int(11) DEFAULT NULL,
  `TYPE_` varchar(255) COLLATE utf8_bin NOT NULL,
  `NAME_` varchar(255) COLLATE utf8_bin NOT NULL,
  `EXECUTION_ID_` varchar(64) COLLATE utf8_bin DEFAULT NULL,
  `PROC_INST_ID_` varchar(64) COLLATE utf8_bin DEFAULT NULL,
  `TASK_ID_` varchar(64) COLLATE utf8_bin DEFAULT NULL,
  `BYTEARRAY_ID_` varchar(64) COLLATE utf8_bin DEFAULT NULL,
  `DOUBLE_` double DEFAULT NULL,
  `LONG_` bigint(20) DEFAULT NULL,
  `TEXT_` varchar(4000) COLLATE utf8_bin DEFAULT NULL,
  `TEXT2_` varchar(4000) COLLATE utf8_bin DEFAULT NULL,
  PRIMARY KEY (`ID_`),
  KEY `ACT_IDX_VARIABLE_TASK_ID` (`TASK_ID_`),
  KEY `ACT_FK_VAR_EXE` (`EXECUTION_ID_`),
  KEY `ACT_FK_VAR_PROCINST` (`PROC_INST_ID_`),
  KEY `ACT_FK_VAR_BYTEARRAY` (`BYTEARRAY_ID_`),
  CONSTRAINT `ACT_FK_VAR_BYTEARRAY` FOREIGN KEY (`BYTEARRAY_ID_`) REFERENCES `ACT_GE_BYTEARRAY` (`ID_`),
  CONSTRAINT `ACT_FK_VAR_EXE` FOREIGN KEY (`EXECUTION_ID_`) REFERENCES `ACT_RU_EXECUTION` (`ID_`),
  CONSTRAINT `ACT_FK_VAR_PROCINST` FOREIGN KEY (`PROC_INST_ID_`) REFERENCES `ACT_RU_EXECUTION` (`ID_`)
) ENGINE=InnoDB DEFAULT CHARSET=utf8 COLLATE=utf8_bin;

-- ----------------------------
--  Table structure for `auth_function`
-- ----------------------------
DROP TABLE IF EXISTS `auth_function`;
CREATE TABLE `auth_function` (
  `id` varchar(36) NOT NULL,
  `name` varchar(255) DEFAULT NULL,
  `code` varchar(255) DEFAULT NULL,
  `description` varchar(255) DEFAULT NULL,
  `page` varchar(255) DEFAULT NULL,
  `generatemenu` varchar(255) DEFAULT NULL,
  `zindex` int(11) DEFAULT NULL,
  `pid` varchar(36) DEFAULT NULL,
  PRIMARY KEY (`id`),
  KEY `AK_Key_2` (`name`),
  KEY `FK33r6np87v1p6gge7t6rpcao5h` (`pid`),
  CONSTRAINT `FK33r6np87v1p6gge7t6rpcao5h` FOREIGN KEY (`pid`) REFERENCES `auth_function` (`id`),
  CONSTRAINT `FK_Reference_1` FOREIGN KEY (`pid`) REFERENCES `auth_function` (`id`)
) ENGINE=InnoDB DEFAULT CHARSET=utf8;

-- ----------------------------
--  Records of `auth_function`
-- ----------------------------
BEGIN;
INSERT INTO `auth_function` VALUES ('11', '基础档案', 'jichudangan', null, null, '1', '0', null), ('112', '收派标准', 'standard', null, 'page_base_standard.action', '1', '1', '11'), ('113', '取派员设置', 'staff', null, 'page_base_staff.action', '1', '2', '11'), ('114', '区域设置', 'region', null, 'page_base_region.action', '1', '3', '11'), ('115', '管理分区', 'subarea', null, 'page_base_subarea.action', '1', '4', '11'), ('116', '管理定区/调度排班', 'decidedzone', null, 'page_base_decidedzone.action', '1', '5', '11'), ('12', '受理', 'shouli', null, null, '1', '1', null), ('121', '业务受理', 'noticebill', null, 'page_qupai_noticebill_add.action', '1', '0', '12'), ('122', '工作单快速录入', 'quickworkordermanage', null, 'page_qupai_quickworkorder.action', '1', '1', '12'), ('124', '工作单导入', 'workordermanageimport', null, 'page_qupai_workorderimport.action', '1', '3', '12'), ('13', '调度', 'diaodu', null, null, '1', '2', null), ('131', '查台转单', 'changestaff', null, null, '1', '0', '13'), ('132', '人工调度', 'personalassign', null, 'page_qupai_diaodu.action', '1', '1', '13'), ('14', '物流配送流程管理', 'zhongzhuan', null, null, '1', '3', null), ('141', '启动配送流程', 'start', null, 'workOrderManageAction_list.action', '1', '0', '14'), ('142', '查看个人任务', 'personaltask', null, 'taskAction_findPersonalTask.action', '1', '1', '14'), ('143', '查看我的组任务', 'grouptask', null, 'taskAction_findGroupTask.action', '1', '2', '14');
COMMIT;

-- ----------------------------
--  Table structure for `auth_role`
-- ----------------------------
DROP TABLE IF EXISTS `auth_role`;
CREATE TABLE `auth_role` (
  `id` varchar(36) NOT NULL,
  `name` varchar(255) DEFAULT NULL,
  `code` varchar(255) DEFAULT NULL,
  `description` varchar(255) DEFAULT NULL,
  PRIMARY KEY (`id`),
  KEY `AK_Key_2` (`name`)
) ENGINE=InnoDB DEFAULT CHARSET=utf8;

-- ----------------------------
--  Records of `auth_role`
-- ----------------------------
BEGIN;
INSERT INTO `auth_role` VALUES ('169c9937-2b69-4592-a3b2-8874ec4eb26c', '所有', null, '所有'), ('402881e459c0e5d10159c0f4800e0002', '受理', null, ''), ('402881e559c40b5b0159c41dbabe0000', '业务员', null, ''), ('402881e559c40b5b0159c4211e380001', '仓库', null, '仓库'), ('402881e559c40b5b0159c4218e850002', '取派员', null, ''), ('402881e559c516a10159c51e16870000', '仓库管理员', null, '');
COMMIT;

-- ----------------------------
--  Table structure for `bc_decidedzone`
-- ----------------------------
DROP TABLE IF EXISTS `bc_decidedzone`;
CREATE TABLE `bc_decidedzone` (
  `id` varchar(36) NOT NULL,
  `name` varchar(30) DEFAULT NULL,
  `staff_id` varchar(36) DEFAULT NULL,
  PRIMARY KEY (`id`),
  KEY `FKh0xplk12o52a6eryw4hcqnfwt` (`staff_id`),
  CONSTRAINT `FK_decidedzone_staff` FOREIGN KEY (`staff_id`) REFERENCES `bc_staff` (`id`),
  CONSTRAINT `FKh0xplk12o52a6eryw4hcqnfwt` FOREIGN KEY (`staff_id`) REFERENCES `bc_staff` (`id`)
) ENGINE=InnoDB DEFAULT CHARSET=utf8;

-- ----------------------------
--  Records of `bc_decidedzone`
-- ----------------------------
BEGIN;
INSERT INTO `bc_decidedzone` VALUES ('dq001', '朝阳北路', '402881e559a2d4480159a2d4fd100000');
COMMIT;

-- ----------------------------
--  Table structure for `bc_region`
-- ----------------------------
DROP TABLE IF EXISTS `bc_region`;
CREATE TABLE `bc_region` (
  `id` varchar(36) NOT NULL,
  `province` varchar(50) DEFAULT NULL,
  `city` varchar(50) DEFAULT NULL,
  `district` varchar(50) DEFAULT NULL,
  `postcode` varchar(50) DEFAULT NULL,
  `shortcode` varchar(30) DEFAULT NULL,
  `citycode` varchar(30) DEFAULT NULL,
  PRIMARY KEY (`id`)
) ENGINE=InnoDB DEFAULT CHARSET=utf8;

-- ----------------------------
--  Records of `bc_region`
-- ----------------------------
BEGIN;
INSERT INTO `bc_region` VALUES ('QY001', '北京市', '北京市', '东城区', '110101', 'BJBJDC', 'beijing'), ('QY002', '北京市', '北京市', '西城区', '110102', 'BJBJXC', 'beijing'), ('QY003', '北京市', '北京市', '朝阳区', '110105', 'BJBJCY', 'beijing'), ('QY004', '北京市', '北京市', '丰台区', '110106', 'BJBJFT', 'beijing'), ('QY005', '北京市', '北京市', '石景山区', '110107', 'BJBJSJS', 'beijing'), ('QY006', '北京市', '北京市', '海淀区', '110108', 'BJBJHD', 'beijing'), ('QY007', '北京市', '北京市', '门头沟区', '110109', 'BJBJMTG', 'beijing'), ('QY008', '北京市', '北京市', '房山区', '110111', 'BJBJFS', 'beijing'), ('QY009', '北京市', '北京市', '通州区', '110112', 'BJBJTZ', 'beijing'), ('QY010', '北京市', '北京市', '顺义区', '110113', 'BJBJSY', 'beijing'), ('QY011', '北京市', '北京市', '昌平区', '110114', 'BJBJCP', 'beijing'), ('QY012', '北京市', '北京市', '大兴区', '110115', 'BJBJDX', 'beijing'), ('QY013', '北京市', '北京市', '怀柔区', '110116', 'BJBJHR', 'beijing'), ('QY014', '北京市', '北京市', '平谷区', '110117', 'BJBJPG', 'beijing'), ('QY015', '北京市', '北京市', '密云县', '110228', 'BJBJMY', 'beijing'), ('QY016', '北京市', '北京市', '延庆县', '110229', 'BJBJYQ', 'beijing'), ('QY017', '河北省', '石家庄市', '长安区', '130102', 'HBSJZZA', 'shijiazhuang'), ('QY018', '河北省', '石家庄市', '桥东区', '130103', 'HBSJZQD', 'shijiazhuang'), ('QY019', '河北省', '石家庄市', '桥西区', '130104', 'HBSJZQX', 'shijiazhuang'), ('QY020', '河北省', '石家庄市', '新华区', '130105', 'HBSJZXH', 'shijiazhuang'), ('QY021', '河北省', '石家庄市', '井陉矿区', '130107', 'HBSJZJXK', 'shijiazhuang'), ('QY022', '河北省', '石家庄市', '裕华区', '130108', 'HBSJZYH', 'shijiazhuang'), ('QY023', '河北省', '石家庄市', '井陉县', '130121', 'HBSJZJX', 'shijiazhuang'), ('QY024', '河北省', '石家庄市', '正定县', '130123', 'HBSJZZD', 'shijiazhuang'), ('QY025', '河北省', '石家庄市', '栾城县', '130124', 'HBSJZLC', 'shijiazhuang'), ('QY026', '河北省', '石家庄市', '行唐县', '130125', 'HBSJZXT', 'shijiazhuang'), ('QY027', '河北省', '石家庄市', '灵寿县', '130126', 'HBSJZLS', 'shijiazhuang'), ('QY028', '河北省', '石家庄市', '高邑县', '130127', 'HBSJZGY', 'shijiazhuang'), ('QY029', '河北省', '石家庄市', '深泽县', '130128', 'HBSJZSZ', 'shijiazhuang'), ('QY030', '河北省', '石家庄市', '赞皇县', '130129', 'HBSJZZH', 'shijiazhuang'), ('QY031', '河北省', '石家庄市', '无极县', '130130', 'HBSJZWJ', 'shijiazhuang'), ('QY032', '河北省', '石家庄市', '平山县', '130131', 'HBSJZPS', 'shijiazhuang'), ('QY033', '河北省', '石家庄市', '元氏县', '130132', 'HBSJZYS', 'shijiazhuang'), ('QY034', '河北省', '石家庄市', '赵县', '130133', 'HBSJZZ', 'shijiazhuang'), ('QY035', '河北省', '石家庄市', '辛集市', '130181', 'HBSJZXJ', 'shijiazhuang'), ('QY036', '河北省', '石家庄市', '藁城市', '130182', 'HBSJZGC', 'shijiazhuang'), ('QY037', '河北省', '石家庄市', '晋州市', '130183', 'HBSJZJZ', 'shijiazhuang'), ('QY038', '河北省', '石家庄市', '新乐市', '130184', 'HBSJZXL', 'shijiazhuang'), ('QY039', '河北省', '石家庄市', '鹿泉市', '130185', 'HBSJZLQ', 'shijiazhuang'), ('QY040', '天津市', '天津市', '和平区', '120101', 'TJTJHP', 'tianjin'), ('QY041', '天津市', '天津市', '河东区', '120102', 'TJTJHD', 'tianjin'), ('QY042', '天津市', '天津市', '河西区', '120103', 'TJTJHX', 'tianjin'), ('QY043', '天津市', '天津市', '南开区', '120104', 'TJTJNK', 'tianjin'), ('QY044', '天津市', '天津市', '河北区', '120105', 'TJTJHB', 'tianjin'), ('QY045', '天津市', '天津市', '红桥区', '120106', 'TJTJHQ', 'tianjin'), ('QY046', '天津市', '天津市', '滨海新区', '120116', 'TJTJBHX', 'tianjin'), ('QY047', '天津市', '天津市', '东丽区', '120110', 'TJTJDL', 'tianjin'), ('QY048', '天津市', '天津市', '西青区', '120111', 'TJTJXQ', 'tianjin'), ('QY049', '天津市', '天津市', '津南区', '120112', 'TJTJJN', 'tianjin'), ('QY050', '天津市', '天津市', '北辰区', '120113', 'TJTJBC', 'tianjin'), ('QY051', '天津市', '天津市', '武清区', '120114', 'TJTJWQ', 'tianjin'), ('QY052', '天津市', '天津市', '宝坻区', '120115', 'TJTJBC', 'tianjin'), ('QY053', '天津市', '天津市', '宁河县', '120221', 'TJTJNH', 'tianjin'), ('QY054', '天津市', '天津市', '静海县', '120223', 'TJTJJH', 'tianjin'), ('QY055', '天津市', '天津市', '蓟县', '120225', 'TJTJJ', 'tianjin'), ('QY056', '山西省', '太原市', '小店区', '140105', 'SXTYXD', 'taiyuan'), ('QY057', '山西省', '太原市', '迎泽区', '140106', 'SXTYYZ', 'taiyuan'), ('QY058', '山西省', '太原市', '杏花岭区', '140107', 'SXTYXHL', 'taiyuan'), ('QY059', '山西省', '太原市', '尖草坪区', '140108', 'SXTYJCP', 'taiyuan'), ('QY060', '山西省', '太原市', '万柏林区', '140109', 'SXTYWBL', 'taiyuan'), ('QY061', '山西省', '太原市', '晋源区', '140110', 'SXTYJY', 'taiyuan'), ('QY062', '山西省', '太原市', '清徐县', '140121', 'SXTYQX', 'taiyuan'), ('QY063', '山西省', '太原市', '阳曲县', '140122', 'SXTYYQ', 'taiyuan'), ('QY064', '山西省', '太原市', '娄烦县', '140123', 'SXTYLF', 'taiyuan'), ('QY065', '山西省', '太原市', '古交市', '140181', 'SXTYGJ', 'taiyuan');
COMMIT;

-- ----------------------------
--  Table structure for `bc_staff`
-- ----------------------------
DROP TABLE IF EXISTS `bc_staff`;
CREATE TABLE `bc_staff` (
  `id` varchar(36) NOT NULL,
  `name` varchar(20) DEFAULT NULL,
  `telephone` varchar(20) DEFAULT NULL,
  `haspda` char(1) DEFAULT NULL,
  `deltag` char(1) DEFAULT NULL,
  `station` varchar(40) DEFAULT NULL,
  `standard` varchar(100) DEFAULT NULL,
  PRIMARY KEY (`id`)
) ENGINE=InnoDB DEFAULT CHARSET=utf8;

-- ----------------------------
--  Records of `bc_staff`
-- ----------------------------
BEGIN;
INSERT INTO `bc_staff` VALUES ('402881e559a2d2ce0159a2d36b600000', 'dgggg', '13958976179', '1', '0', '温州分部', '10-20'), ('402881e559a2d4480159a2d4fd100000', 'oo1', '13958976166', '1', '0', '温州分部', '10-20'), ('402881e559a2d5a50159a2d6b02e0000', 'uu', '13449999999', '1', '0', '金华分部', '10-20'), ('402881e559a2d7aa0159a2d85f210000', '99', '13444444444', '1', '0', '北京分部', '20-30');
COMMIT;

-- ----------------------------
--  Table structure for `bc_subarea`
-- ----------------------------
DROP TABLE IF EXISTS `bc_subarea`;
CREATE TABLE `bc_subarea` (
  `id` varchar(36) NOT NULL,
  `decidedzone_id` varchar(36) DEFAULT NULL,
  `region_id` varchar(36) DEFAULT NULL,
  `addresskey` varchar(100) DEFAULT NULL,
  `startnum` varchar(30) DEFAULT NULL,
  `endnum` varchar(30) DEFAULT NULL,
  `single` char(1) DEFAULT NULL,
  `position` varchar(255) DEFAULT NULL,
  PRIMARY KEY (`id`),
  KEY `FKlndbc8oldgbg3k1x63n3n6t7n` (`decidedzone_id`),
  KEY `FKcjwxm19mx5njn3xyqgqp431mb` (`region_id`),
  CONSTRAINT `FK_area_decidedzone` FOREIGN KEY (`decidedzone_id`) REFERENCES `bc_decidedzone` (`id`),
  CONSTRAINT `FK_area_region` FOREIGN KEY (`region_id`) REFERENCES `bc_region` (`id`),
  CONSTRAINT `FKcjwxm19mx5njn3xyqgqp431mb` FOREIGN KEY (`region_id`) REFERENCES `bc_region` (`id`),
  CONSTRAINT `FKlndbc8oldgbg3k1x63n3n6t7n` FOREIGN KEY (`decidedzone_id`) REFERENCES `bc_decidedzone` (`id`)
) ENGINE=InnoDB DEFAULT CHARSET=utf8;

-- ----------------------------
--  Records of `bc_subarea`
-- ----------------------------
BEGIN;
INSERT INTO `bc_subarea` VALUES ('FQ100', 'dq001', 'QY001', '朝阳北路', '1', '100', '1', '北京朝阳1-100'), ('FQ101', null, 'QY002', '沈河区大望路', '30', '80', '0', '辽宁沈河30-80');
COMMIT;

-- ----------------------------
--  Table structure for `qp_noticebill`
-- ----------------------------
DROP TABLE IF EXISTS `qp_noticebill`;
CREATE TABLE `qp_noticebill` (
  `id` varchar(36) NOT NULL,
  `user_id` varchar(36) DEFAULT NULL,
  `staff_id` varchar(36) DEFAULT NULL,
  `customer_id` varchar(36) DEFAULT NULL,
  `customer_name` varchar(20) DEFAULT NULL,
  `delegater` varchar(20) DEFAULT NULL,
  `telephone` varchar(20) DEFAULT NULL,
  `pickaddress` varchar(200) DEFAULT NULL,
  `arrivecity` varchar(20) DEFAULT NULL,
  `product` varchar(20) DEFAULT NULL,
  `pickdate` datetime DEFAULT NULL,
  `num` int(11) DEFAULT NULL,
  `weight` double DEFAULT NULL,
  `volume` varchar(20) DEFAULT NULL,
  `remark` varchar(255) DEFAULT NULL,
  `ordertype` varchar(20) DEFAULT NULL,
  PRIMARY KEY (`id`),
  KEY `FKl5j3pm969oy1qdc1318jrmbgt` (`user_id`),
  KEY `FKhmbqr6qlg0uets978w5xshler` (`staff_id`),
  CONSTRAINT `FKhmbqr6qlg0uets978w5xshler` FOREIGN KEY (`staff_id`) REFERENCES `bc_staff` (`id`),
  CONSTRAINT `FKl5j3pm969oy1qdc1318jrmbgt` FOREIGN KEY (`user_id`) REFERENCES `t_user` (`id`)
) ENGINE=InnoDB DEFAULT CHARSET=utf8;

-- ----------------------------
--  Table structure for `qp_workbill`
-- ----------------------------
DROP TABLE IF EXISTS `qp_workbill`;
CREATE TABLE `qp_workbill` (
  `id` varchar(36) NOT NULL,
  `noticebill_id` varchar(36) DEFAULT NULL,
  `staff_id` varchar(36) DEFAULT NULL,
  `type` varchar(20) DEFAULT NULL,
  `pickstate` varchar(20) DEFAULT NULL,
  `buildtime` datetime NOT NULL,
  `attachbilltimes` int(11) DEFAULT NULL,
  `remark` varchar(255) DEFAULT NULL,
  PRIMARY KEY (`id`),
  KEY `FKggojlcovnpimuukxcueb18apt` (`noticebill_id`),
  KEY `FK55ckcnjyvwinnnniu5jpelg7y` (`staff_id`),
  CONSTRAINT `FK55ckcnjyvwinnnniu5jpelg7y` FOREIGN KEY (`staff_id`) REFERENCES `bc_staff` (`id`),
  CONSTRAINT `FKggojlcovnpimuukxcueb18apt` FOREIGN KEY (`noticebill_id`) REFERENCES `qp_noticebill` (`id`)
) ENGINE=InnoDB DEFAULT CHARSET=utf8;

-- ----------------------------
--  Table structure for `qp_workordermanage`
-- ----------------------------
DROP TABLE IF EXISTS `qp_workordermanage`;
CREATE TABLE `qp_workordermanage` (
  `id` varchar(36) NOT NULL,
  `arrivecity` varchar(20) DEFAULT NULL,
  `product` varchar(20) DEFAULT NULL,
  `num` int(11) DEFAULT NULL,
  `weight` double DEFAULT NULL,
  `floadreqr` varchar(255) DEFAULT NULL,
  `prodtimelimit` varchar(40) DEFAULT NULL,
  `prodtype` varchar(40) DEFAULT NULL,
  `sendername` varchar(20) DEFAULT NULL,
  `senderphone` varchar(20) DEFAULT NULL,
  `senderaddr` varchar(200) DEFAULT NULL,
  `receivername` varchar(20) DEFAULT NULL,
  `receiverphone` varchar(20) DEFAULT NULL,
  `receiveraddr` varchar(200) DEFAULT NULL,
  `feeitemnum` int(11) DEFAULT NULL,
  `actlweit` double DEFAULT NULL,
  `vol` varchar(20) DEFAULT NULL,
  `managerCheck` varchar(1) DEFAULT NULL,
  `updatetime` datetime DEFAULT NULL,
  `start` varchar(1) DEFAULT NULL,
  PRIMARY KEY (`id`)
) ENGINE=InnoDB DEFAULT CHARSET=utf8;

-- ----------------------------
--  Records of `qp_workordermanage`
-- ----------------------------
BEGIN;
INSERT INTO `qp_workordermanage` VALUES ('100023', '北京', '火弹', '100', '100', '1', null, null, null, null, null, null, null, null, null, null, null, '0', '2017-01-22 15:29:44', '0'), ('1001', '上海', '油条', '100', '100', '空运', null, null, null, null, null, null, null, null, null, null, null, '0', '2017-01-21 23:22:04', '1');
COMMIT;

-- ----------------------------
--  Table structure for `role_function`
-- ----------------------------
DROP TABLE IF EXISTS `role_function`;
CREATE TABLE `role_function` (
  `role_id` varchar(36) NOT NULL,
  `function_id` varchar(36) NOT NULL,
  PRIMARY KEY (`role_id`,`function_id`),
  KEY `FK5f8riddotqjpm9vly0b8c5nmf` (`function_id`),
  CONSTRAINT `FK10qo908yd9evkyb40vf88og85` FOREIGN KEY (`role_id`) REFERENCES `auth_role` (`id`),
  CONSTRAINT `FK5f8riddotqjpm9vly0b8c5nmf` FOREIGN KEY (`function_id`) REFERENCES `auth_function` (`id`),
  CONSTRAINT `FK_Reference_2` FOREIGN KEY (`function_id`) REFERENCES `auth_function` (`id`),
  CONSTRAINT `FK_Reference_3` FOREIGN KEY (`role_id`) REFERENCES `auth_role` (`id`)
) ENGINE=InnoDB DEFAULT CHARSET=utf8;

-- ----------------------------
--  Records of `role_function`
-- ----------------------------
BEGIN;
INSERT INTO `role_function` VALUES ('169c9937-2b69-4592-a3b2-8874ec4eb26c', '11'), ('402881e559c40b5b0159c41dbabe0000', '11'), ('169c9937-2b69-4592-a3b2-8874ec4eb26c', '112'), ('402881e559c40b5b0159c41dbabe0000', '112'), ('169c9937-2b69-4592-a3b2-8874ec4eb26c', '113'), ('402881e559c40b5b0159c41dbabe0000', '113'), ('169c9937-2b69-4592-a3b2-8874ec4eb26c', '114'), ('402881e559c40b5b0159c41dbabe0000', '114'), ('169c9937-2b69-4592-a3b2-8874ec4eb26c', '115'), ('402881e559c40b5b0159c41dbabe0000', '115'), ('169c9937-2b69-4592-a3b2-8874ec4eb26c', '116'), ('402881e559c40b5b0159c41dbabe0000', '116'), ('169c9937-2b69-4592-a3b2-8874ec4eb26c', '12'), ('402881e459c0e5d10159c0f4800e0002', '12'), ('402881e559c40b5b0159c41dbabe0000', '12'), ('169c9937-2b69-4592-a3b2-8874ec4eb26c', '121'), ('402881e459c0e5d10159c0f4800e0002', '121'), ('402881e559c40b5b0159c41dbabe0000', '121'), ('169c9937-2b69-4592-a3b2-8874ec4eb26c', '122'), ('402881e459c0e5d10159c0f4800e0002', '122'), ('402881e559c40b5b0159c41dbabe0000', '122'), ('169c9937-2b69-4592-a3b2-8874ec4eb26c', '124'), ('402881e459c0e5d10159c0f4800e0002', '124'), ('402881e559c40b5b0159c41dbabe0000', '124'), ('169c9937-2b69-4592-a3b2-8874ec4eb26c', '13'), ('402881e559c40b5b0159c41dbabe0000', '13'), ('169c9937-2b69-4592-a3b2-8874ec4eb26c', '131'), ('402881e559c40b5b0159c41dbabe0000', '131'), ('169c9937-2b69-4592-a3b2-8874ec4eb26c', '132'), ('402881e559c40b5b0159c41dbabe0000', '132'), ('402881e559c40b5b0159c41dbabe0000', '14'), ('402881e559c40b5b0159c4211e380001', '14'), ('402881e559c40b5b0159c4218e850002', '14'), ('402881e559c516a10159c51e16870000', '14'), ('402881e559c40b5b0159c41dbabe0000', '141'), ('402881e559c40b5b0159c4211e380001', '141'), ('402881e559c40b5b0159c4218e850002', '141'), ('402881e559c516a10159c51e16870000', '141'), ('402881e559c40b5b0159c41dbabe0000', '142'), ('402881e559c40b5b0159c4211e380001', '142'), ('402881e559c40b5b0159c4218e850002', '142'), ('402881e559c516a10159c51e16870000', '142'), ('402881e559c40b5b0159c41dbabe0000', '143'), ('402881e559c40b5b0159c4211e380001', '143'), ('402881e559c40b5b0159c4218e850002', '143'), ('402881e559c516a10159c51e16870000', '143');
COMMIT;

-- ----------------------------
--  Table structure for `t_user`
-- ----------------------------
DROP TABLE IF EXISTS `t_user`;
CREATE TABLE `t_user` (
  `id` varchar(36) NOT NULL,
  `username` varchar(20) DEFAULT NULL,
  `password` varchar(36) DEFAULT NULL,
  `salary` double DEFAULT NULL,
  `birthday` date DEFAULT NULL,
  `gender` varchar(10) DEFAULT NULL,
  `station` varchar(40) DEFAULT NULL,
  `telephone` varchar(11) DEFAULT NULL,
  `remark` varchar(255) DEFAULT NULL,
  PRIMARY KEY (`id`)
) ENGINE=InnoDB DEFAULT CHARSET=utf8;

-- ----------------------------
--  Records of `t_user`
-- ----------------------------
BEGIN;
INSERT INTO `t_user` VALUES ('402881e459c123ee0159c1251da90000', 'admin13', 'admin13', '111111', '2017-01-26', '男', '分公司', '123', null), ('402881e559c40b5b0159c4237a3d0003', 'admin14', 'admin14', '10000', '2017-01-26', '男', '总公司', '1396888888', null), ('402881e559c42cbc0159c42e8b920000', 'admin15', '21232f297a57a5a743894a0e4a801fc3', '123123', '2017-01-05', '男', '总公司', '12312312312', null), ('402881e559c516a10159c51e95a20001', 'admin', '21232f297a57a5a743894a0e4a801fc3', '12232131', '2017-01-06', '男', '', '12312312', null), ('b55f74bf-ce3b-438c-a611-11974ec179da', 'admin2', 'c84258e9c39059a89ab77d846ddab909', '21312', '2017-01-12', '男', '总公司', '3213', null);
COMMIT;

-- ----------------------------
--  Table structure for `user_role`
-- ----------------------------
DROP TABLE IF EXISTS `user_role`;
CREATE TABLE `user_role` (
  `user_id` varchar(36) NOT NULL,
  `role_id` varchar(36) NOT NULL,
  PRIMARY KEY (`user_id`,`role_id`),
  KEY `FKqqlqhas35obkljn18mrh6mmms` (`role_id`),
  CONSTRAINT `FK_Reference_4` FOREIGN KEY (`user_id`) REFERENCES `t_user` (`id`),
  CONSTRAINT `FK_Reference_5` FOREIGN KEY (`role_id`) REFERENCES `auth_role` (`id`),
  CONSTRAINT `FKeqon9sx5vssprq67dxm3s7ump` FOREIGN KEY (`user_id`) REFERENCES `t_user` (`id`),
  CONSTRAINT `FKqqlqhas35obkljn18mrh6mmms` FOREIGN KEY (`role_id`) REFERENCES `auth_role` (`id`)
) ENGINE=InnoDB DEFAULT CHARSET=utf8;

-- ----------------------------
--  Records of `user_role`
-- ----------------------------
BEGIN;
INSERT INTO `user_role` VALUES ('402881e459c123ee0159c1251da90000', '402881e459c0e5d10159c0f4800e0002'), ('402881e559c40b5b0159c4237a3d0003', '402881e459c0e5d10159c0f4800e0002'), ('402881e559c42cbc0159c42e8b920000', '402881e459c0e5d10159c0f4800e0002'), ('402881e559c516a10159c51e95a20001', '402881e459c0e5d10159c0f4800e0002'), ('b55f74bf-ce3b-438c-a611-11974ec179da', '402881e459c0e5d10159c0f4800e0002'), ('402881e559c40b5b0159c4237a3d0003', '402881e559c40b5b0159c41dbabe0000'), ('402881e559c42cbc0159c42e8b920000', '402881e559c40b5b0159c41dbabe0000'), ('402881e559c516a10159c51e95a20001', '402881e559c40b5b0159c41dbabe0000'), ('b55f74bf-ce3b-438c-a611-11974ec179da', '402881e559c40b5b0159c41dbabe0000'), ('402881e559c40b5b0159c4237a3d0003', '402881e559c40b5b0159c4211e380001'), ('402881e559c42cbc0159c42e8b920000', '402881e559c40b5b0159c4211e380001'), ('402881e559c516a10159c51e95a20001', '402881e559c40b5b0159c4211e380001'), ('b55f74bf-ce3b-438c-a611-11974ec179da', '402881e559c40b5b0159c4211e380001'), ('402881e559c40b5b0159c4237a3d0003', '402881e559c40b5b0159c4218e850002'), ('402881e559c42cbc0159c42e8b920000', '402881e559c40b5b0159c4218e850002'), ('402881e559c516a10159c51e95a20001', '402881e559c40b5b0159c4218e850002'), ('b55f74bf-ce3b-438c-a611-11974ec179da', '402881e559c40b5b0159c4218e850002'), ('402881e559c516a10159c51e95a20001', '402881e559c516a10159c51e16870000'), ('b55f74bf-ce3b-438c-a611-11974ec179da', '402881e559c516a10159c51e16870000');
COMMIT;

SET FOREIGN_KEY_CHECKS = 1;
